code,complexity
"def get_first_element(arr):
    return arr[0] ",O(1)
"def sum_two(a, b):
    return a + b ",O(1)
"def sum_array(arr):
    total = 0
    for num in arr:
        total += num
    return total ",O(n)
"def find_max(arr):
    maximum = arr[0]
    for num in arr:
        if num > maximum:
            maximum = num
    return maximum ",O(n)
"def linear_search(arr, target):
    for i, num in enumerate(arr):
        if num == target:
            return i
    return -1 ",O(n)
"def length(arr):
    count = 0
    for _ in arr:
        count += 1
    return count ",O(n)
"def print_elements(arr):
    for item in arr:
        print(item) ",O(n)
"def print_pairs(arr):
    for i in arr:
        for j in arr:
            print(i, j) ",O(n^2)
"def bubble_sort(arr):
    n = len(arr)
    for i in range(n):
        for j in range(0, n-i-1):
            if arr[j] > arr[j+1]:
                arr[j], arr[j+1] = arr[j+1], arr[j]
    return arr ",O(n^2)
"def insertion_sort(arr):
    for i in range(1, len(arr)):
        key = arr[i]
        j = i-1
        while j >= 0 and key < arr[j]:
            arr[j+1] = arr[j]
            j -= 1
        arr[j+1] = key
    return arr ",O(n^2)
"def selection_sort(arr):
    n = len(arr)
    for i in range(n):
        min_idx = i
        for j in range(i+1, n):
            if arr[j] < arr[min_idx]:
                min_idx = j
        arr[i], arr[min_idx] = arr[min_idx], arr[i]
    return arr ",O(n^2)
"def merge_sort(arr):
    if len(arr) > 1:
        mid = len(arr) // 2
        L = arr[:mid]
        R = arr[mid:]
        merge_sort(L)
        merge_sort(R)
        i = j = k = 0
        while i < len(L) and j < len(R):
            if L[i] < R[j]:
                arr[k] = L[i]
                i += 1
            else:
                arr[k] = R[j]
                j += 1
            k += 1
        while i < len(L):
            arr[k] = L[i]
            i += 1
            k += 1
        while j < len(R):
            arr[k] = R[j]
            j += 1
            k += 1
    return arr ",O(nlogn)
"def quicksort(arr):
    if len(arr) <= 1:
        return arr
    pivot = arr[len(arr) // 2]
    left = [x for x in arr if x < pivot]
    middle = [x for x in arr if x == pivot]
    right = [x for x in arr if x > pivot]
    return quicksort(left) + middle + quicksort(right) ",O(nlogn)
"def exponential_recursion(n):
    if n <= 0:
        return 1
    return exponential_recursion(n-1) + exponential_recursion(n-1) ",O(2^n)
"def triple_loop(arr):
    n = len(arr)
    count = 0
    for i in range(n):
        for j in range(n):
            for k in range(n):
                count += 1
    return count ",O(n^3)
"def permute(arr):
    if len(arr) == 0:
        return [[]]
    result = []
    for i in range(len(arr)):
        for p in permute(arr[:i] + arr[i+1:]):
            result.append([arr[i]] + p)
    return result ",O(n!)
"def lookup(dict_obj, key):
    return dict_obj.get(key) ",O(1)
"def reverse_array(arr):
    return arr[::-1] ",O(1)
"def transpose(matrix):
    n = len(matrix)
    result = [[0]*n for _ in range(n)]
    for i in range(n):
        for j in range(n):
            result[j][i] = matrix[i][j]
    return result ",O(n^2)
"def matrix_multiply(A, B):
    n = len(A)
    result = [[0]*n for _ in range(n)]
    for i in range(n):
        for j in range(n):
            for k in range(n):
                result[i][j] += A[i][k] * B[k][j]
    return result ",O(n^3)
"def binary_search(arr, target):
    low, high = 0, len(arr) - 1
    while low <= high:
        mid = (low + high) // 2
        if arr[mid] == target:
            return mid
        elif arr[mid] < target:
            low = mid + 1
        else:
            high = mid - 1
    return -1 ",O(logn)
"def halving_loop(n):
    while n > 1:
        n //= 2
    return n ",O(logn)
"def doubling_index(n):
    i = 1
    while i < n:
        i *= 2
    return i ",O(logn)
"def nested_loops_different_ranges(n, m):
    for i in range(n):
        for j in range(m):
            print(i, j) ",O(n*m)
"def add_arrays(arr1, arr2):
    result = []
    for a, b in zip(arr1, arr2):
        result.append(a+b)
    return result ",O(n)
"def dot_product(arr1, arr2):
    total = 0
    for a, b in zip(arr1, arr2):
        total += a * b
    return total ",O(n)
"def merge_sorted(arr1, arr2):
    result = []
    i = j = 0
    while i < len(arr1) and j < len(arr2):
        if arr1[i] < arr2[j]:
            result.append(arr1[i])
            i += 1
        else:
            result.append(arr2[j])
            j += 1
    result.extend(arr1[i:])
    result.extend(arr2[j:])
    return result ",O(n)
"def heap_sort(arr):
    import heapq
    heapq.heapify(arr)
    return [heapq.heappop(arr) for _ in range(len(arr))] ",O(nlogn)
"def dfs(graph, start, visited=None):
    if visited is None:
        visited = set()
    visited.add(start)
    for neighbor in graph[start]:
        if neighbor not in visited:
            dfs(graph, neighbor, visited)
    return visited ",O(n)
"def bfs(graph, start):
    visited = set()
    queue = [start]
    while queue:
        vertex = queue.pop(0)
        if vertex not in visited:
            visited.add(vertex)
            queue.extend(set(graph[vertex]) - visited)
    return visited ",O(n)
"def floyd_warshall(matrix):
    n = len(matrix)
    for k in range(n):
        for i in range(n):
            for j in range(n):
                matrix[i][j] = min(matrix[i][j], matrix[i][k] + matrix[k][j])
    return matrix ",O(n^3)
"def recursive_binary_search(arr, target, low=0, high=None):
    if high is None:
        high = len(arr) - 1
    if low > high:
        return -1
    mid = (low + high) // 2
    if arr[mid] == target:
        return mid
    elif arr[mid] < target:
        return recursive_binary_search(arr, target, mid+1, high)
    else:
        return recursive_binary_search(arr, target, low, mid-1) ",O(logn)
"def iterative_binary_search(arr, target):
    low, high = 0, len(arr)-1
    while low <= high:
        mid = (low+high)//2
        if arr[mid] == target:
            return mid
        elif arr[mid] < target:
            low = mid+1
        else:
            high = mid-1
    return -1 ",O(logn)
"def n_queens(n):
    solutions = []
    def solve(queens, xy_diff, xy_sum):
        p = len(queens)
        if p == n:
            solutions.append(queens)
            return
        for q in range(n):
            if q not in queens and p-q not in xy_diff and p+q not in xy_sum:
                solve(queens+[q], xy_diff+[p-q], xy_sum+[p+q])
    solve([], [], [])
    return solutions ",O(n!)
"def tower_of_hanoi(n, source, target, auxiliary):
    if n == 1:
        return
    tower_of_hanoi(n-1, source, auxiliary, target)
    tower_of_hanoi(n-1, auxiliary, target, source) ",O(2^n)
"def quicksort_worst(arr):
    if len(arr) <= 1:
        return arr
    pivot = arr[0]
    left = [x for x in arr[1:] if x < pivot]
    right = [x for x in arr[1:] if x >= pivot]
    return quicksort_worst(left) + [pivot] + quicksort_worst(right) ",O(n^2)
"def merge_sort_worst(arr):
    if len(arr) <= 1:
        return arr
    mid = len(arr)//2
    left = merge_sort_worst(arr[:mid])
    right = merge_sort_worst(arr[mid:])
    i = j = k = 0
    merged = []
    while i < len(left) and j < len(right):
        if left[i] < right[j]:
            merged.append(left[i])
            i += 1
        else:
            merged.append(right[j])
            j += 1
    merged.extend(left[i:])
    merged.extend(right[j:])
    return merged ",O(nlogn)
"def gcd(a, b):
    while b:
        a, b = b, a % b
    return a ",O(logn)
"def extended_gcd(a, b):
    if b == 0:
        return a, 1, 0
    gcd, x1, y1 = extended_gcd(b, a % b)
    x = y1
    y = x1 - (a // b) * y1
    return gcd, x, y ",O(logn)
"def recursive_determinant(matrix):
    # This is a recursive implementation for determinant (inefficient for large matrices)
    n = len(matrix)
    if n == 1:
        return matrix[0][0]
    det = 0
    for c in range(n):
        minor = [row[:c] + row[c+1:] for row in matrix[1:]]
        det += ((-1)**c) * matrix[0][c] * recursive_determinant(minor)
    return det ",O(n!)
"def floyd_cycle_detection(head):
    slow = fast = head
    while fast and fast.next:
        slow = slow.next
        fast = fast.next.next
        if slow == fast:
            return True
    return False ",O(n)
"def lcs(X, Y):
    m, n = len(X), len(Y)
    L = [[0]*(n+1) for _ in range(m+1)]
    for i in range(m+1):
        for j in range(n+1):
            if i == 0 or j == 0:
                L[i][j] = 0
            elif X[i-1] == Y[j-1]:
                L[i][j] = L[i-1][j-1] + 1
            else:
                L[i][j] = max(L[i-1][j], L[i][j-1])
    return L[m][n] ",O(n^2)
"def edit_distance(X, Y):
    m, n = len(X), len(Y)
    dp = [[0]*(n+1) for _ in range(m+1)]
    for i in range(m+1):
        for j in range(n+1):
            if i == 0:
                dp[i][j] = j
            elif j == 0:
                dp[i][j] = i
            elif X[i-1] == Y[j-1]:
                dp[i][j] = dp[i-1][j-1]
            else:
                dp[i][j] = 1 + min(dp[i-1][j], dp[i][j-1], dp[i-1][j-1])
    return dp[m][n] ",O(n^2)
"def subset_sum(arr, target, index=0):
    if target == 0:
        return True
    if index >= len(arr) or target < 0:
        return False
    return subset_sum(arr, target - arr[index], index+1) or subset_sum(arr, target, index+1) ",O(2^n)
"def knapsack_recursive(weights, values, W, n):
    if n == 0 or W == 0:
        return 0
    if weights[n-1] > W:
        return knapsack_recursive(weights, values, W, n-1)
    else:
        return max(knapsack_recursive(weights, values, W, n-1),
                   values[n-1] + knapsack_recursive(weights, values, W-weights[n-1], n-1)) ",O(2^n)
"def factorial_recursive(n):
    if n == 0:
        return 1
    return n * factorial_recursive(n-1) ",O(n)
"def factorial_iterative(n):
    result = 1
    for i in range(1, n+1):
        result *= i
    return result ",O(n)
"def exponentiation_by_squaring(x, n):
    if n == 0:
        return 1
    elif n % 2 == 0:
        return exponentiation_by_squaring(x*x, n//2)
    else:
        return x * exponentiation_by_squaring(x*x, (n-1)//2) ",O(logn)
"def recursive_sum(n):
    if n == 0:
        return 0
    return n + recursive_sum(n-1) ",O(n)
"def sum_of_digits(n):
    if n == 0:
        return 0
    return n % 10 + sum_of_digits(n // 10) ",O(n)
"def flatten_list(nested_list):
    flat = []
    for item in nested_list:
        if isinstance(item, list):
            flat.extend(flatten_list(item))
        else:
            flat.append(item)
    return flat ",O(n)
"def fib_iterative(n):
    a, b = 0, 1
    for _ in range(n):
        a, b = b, a+b
    return a ",O(n)
"def fib_memo(n, memo={}):
    if n in memo:
        return memo[n]
    if n <= 1:
        return n
    memo[n] = fib_memo(n-1, memo) + fib_memo(n-2, memo)
    return memo[n] ",O(n)
"def tree_depth(root):
    if not root:
        return 0
    return 1 + max(tree_depth(root.left), tree_depth(root.right)) ",O(n)
"def inorder_traversal(root):
    if root is None:
        return []
    return inorder_traversal(root.left) + [root.val] + inorder_traversal(root.right) ",O(n)
"def preorder_traversal(root):
    if root is None:
        return []
    return [root.val] + preorder_traversal(root.left) + preorder_traversal(root.right) ",O(n)
"def postorder_traversal(root):
    if root is None:
        return []
    return postorder_traversal(root.left) + postorder_traversal(root.right) + [root.val] ",O(n)
"def level_order_traversal(root):
    from collections import deque
    if not root:
        return []
    result = []
    queue = deque([root])
    while queue:
        node = queue.popleft()
        result.append(node.val)
        if node.left:
            queue.append(node.left)
        if node.right:
            queue.append(node.right)
    return result ",O(n)
"def heapify(arr, n, i):
    largest = i
    l = 2*i + 1
    r = 2*i + 2
    if l < n and arr[l] > arr[largest]:
        largest = l
    if r < n and arr[r] > arr[largest]:
        largest = r
    if largest != i:
        arr[i], arr[largest] = arr[largest], arr[i]
        heapify(arr, n, largest) ",O(logn)
"def build_heap(arr):
    n = len(arr)
    for i in range(n//2 - 1, -1, -1):
        heapify(arr, n, i)
    return arr ",O(n)
"def count_inversions(arr):
    def merge_count(arr):
        if len(arr) <= 1:
            return arr, 0
        mid = len(arr)//2
        left, inv_left = merge_count(arr[:mid])
        right, inv_right = merge_count(arr[mid:])
        merged = []
        i = j = inv_count = 0
        while i < len(left) and j < len(right):
            if left[i] <= right[j]:
                merged.append(left[i])
                i += 1
            else:
                merged.append(right[j])
                inv_count += len(left) - i
                j += 1
        merged += left[i:]
        merged += right[j:]
        return merged, inv_left + inv_right + inv_count
    _, inversions = merge_count(arr)
    return inversions ",O(nlogn)
"def find_median(arr):
    arr.sort()
    mid = len(arr) // 2
    if len(arr) % 2 == 0:
        return (arr[mid-1] + arr[mid]) / 2
    else:
        return arr[mid] ",O(nlogn)
"def tree_insert_bst(root, key):
    if root is None:
        return TreeNode(key)
    if key < root.val:
        root.left = tree_insert_bst(root.left, key)
    else:
        root.right = tree_insert_bst(root.right, key)
    return root ",O(logn)
"def avl_insert(root, key):
    # Simplified version; actual implementation includes rotations.
    if root is None:
        return TreeNode(key)
    if key < root.val:
        root.left = avl_insert(root.left, key)
    else:
        root.right = avl_insert(root.right, key)
    return root ",O(logn)
"def rb_tree_insert(root, key):
    # Simplified; red-black trees require balancing.
    if root is None:
        return TreeNode(key)
    if key < root.val:
        root.left = rb_tree_insert(root.left, key)
    else:
        root.right = rb_tree_insert(root.right, key)
    return root ",O(logn)
"def btree_search(root, key):
    i = 0
    while i < len(root.keys) and key > root.keys[i]:
        i += 1
    if i < len(root.keys) and key == root.keys[i]:
        return root
    if root.leaf:
        return None
    return btree_search(root.children[i], key) ",O(logn)
"def btree_insert(root, key):
    # Simplified insertion in a B-tree.
    if root is None:
        return BTreeNode([key])
    # Insertion logic would involve finding the correct child and splitting if necessary.
    return root ",O(logn)
"def merge_two_sorted_lists(l1, l2):
    dummy = ListNode(0)
    current = dummy
    while l1 and l2:
        if l1.val < l2.val:
            current.next = l1
            l1 = l1.next
        else:
            current.next = l2
            l2 = l2.next
        current = current.next
    current.next = l1 or l2
    return dummy.next ",O(n)
"def reverse_linked_list(head):
    prev = None
    current = head
    while current:
        nxt = current.next
        current.next = prev
        prev = current
        current = nxt
    return prev ",O(n)
"def detect_cycle(head):
    slow = fast = head
    while fast and fast.next:
        slow = slow.next
        fast = fast.next.next
        if slow == fast:
            return True
    return False ",O(n)
"def find_middle(head):
    slow = fast = head
    while fast and fast.next:
        slow = slow.next
        fast = fast.next.next
    return slow ",O(n)
"def kth_from_end(head, k):
    fast = slow = head
    for _ in range(k):
        fast = fast.next
    while fast:
        fast = fast.next
        slow = slow.next
    return slow ",O(n)
"def quickselect(arr, k):
    if len(arr) == 1:
        return arr[0]
    pivot = arr[len(arr) // 2]
    lows = [el for el in arr if el < pivot]
    highs = [el for el in arr if el > pivot]
    pivots = [el for el in arr if el == pivot]
    if k < len(lows):
        return quickselect(lows, k)
    elif k < len(lows) + len(pivots):
        return pivots[0]
    else:
        return quickselect(highs, k - len(lows) - len(pivots)) ",O(n)
"def backtracking_subsets(arr):
    result = []
    def backtrack(start, curr):
        result.append(list(curr))
        for i in range(start, len(arr)):
            curr.append(arr[i])
            backtrack(i+1, curr)
            curr.pop()
    backtrack(0, [])
    return result ",O(2^n)
"def backtracking_combinations(arr, k):
    result = []
    def backtrack(start, curr):
        if len(curr) == k:
            result.append(list(curr))
            return
        for i in range(start, len(arr)):
            curr.append(arr[i])
            backtrack(i+1, curr)
            curr.pop()
    backtrack(0, [])
    return result ",O(2^n)
"def bitmask_combinations(arr):
    n = len(arr)
    result = []
    for mask in range(1 << n):
        subset = [arr[i] for i in range(n) if mask & (1 << i)]
        result.append(subset)
    return result ",O(2^n)
"def coin_change(coins, amount):
    dp = [float('inf')] * (amount + 1)
    dp[0] = 0
    for coin in coins:
        for x in range(coin, amount+1):
            dp[x] = min(dp[x], dp[x-coin] + 1)
    return dp[amount] if dp[amount] != float('inf') else -1 ",O(n*m)
"def longest_increasing_subsequence(arr):
    n = len(arr)
    lis = [1] * n
    for i in range(1, n):
        for j in range(i):
            if arr[i] > arr[j] and lis[i] < lis[j] + 1:
                lis[i] = lis[j] + 1
    return max(lis) ",O(n^2)
"def longest_common_substring(s1, s2):
    m, n = len(s1), len(s2)
    dp = [[0]*(n+1) for _ in range(m+1)]
    result = 0
    for i in range(1, m+1):
        for j in range(1, n+1):
            if s1[i-1] == s2[j-1]:
                dp[i][j] = dp[i-1][j-1] + 1
                result = max(result, dp[i][j])
            else:
                dp[i][j] = 0
    return result ",O(n*m)
"def matrix_chain_order(p):
    n = len(p) - 1
    m = [[0]*n for _ in range(n)]
    for l in range(2, n+1):
        for i in range(n - l + 1):
            j = i + l - 1
            m[i][j] = float('inf')
            for k in range(i, j):
                q = m[i][k] + m[k+1][j] + p[i]*p[k+1]*p[j+1]
                m[i][j] = min(m[i][j], q)
    return m[0][n-1] ",O(n^3)
"def optimal_bst(keys, freq):
    n = len(keys)
    cost = [[0]*n for _ in range(n)]
    for i in range(n):
        cost[i][i] = freq[i]
    for L in range(2, n+1):
        for i in range(n-L+1):
            j = i + L - 1
            cost[i][j] = float('inf')
            for r in range(i, j+1):
                c = (cost[i][r-1] if r > i else 0) + (cost[r+1][j] if r < j else 0) + sum(freq[i:j+1])
                cost[i][j] = min(cost[i][j], c)
    return cost[0][n-1] ",O(n^3)
"def find_peak(arr):
    low, high = 0, len(arr)-1
    while low < high:
        mid = (low+high)//2
        if arr[mid] < arr[mid+1]:
            low = mid + 1
        else:
            high = mid
    return arr[low] ",O(logn)
"def merge_intervals(intervals):
    intervals.sort(key=lambda x: x[0])
    merged = []
    for interval in intervals:
        if not merged or merged[-1][1] < interval[0]:
            merged.append(interval)
        else:
            merged[-1][1] = max(merged[-1][1], interval[1])
    return merged ",O(nlogn)
"def sliding_window_max(nums, k):
    from collections import deque
    dq = deque()
    result = []
    for i, num in enumerate(nums):
        while dq and nums[dq[-1]] < num:
            dq.pop()
        dq.append(i)
        if dq[0] == i - k:
            dq.popleft()
        if i >= k - 1:
            result.append(nums[dq[0]])
    return result ",O(n)
"def longest_unique_substring(s):
    char_index = {}
    left = 0
    max_length = 0
    for right, char in enumerate(s):
        if char in char_index and char_index[char] >= left:
            left = char_index[char] + 1
        char_index[char] = right
        max_length = max(max_length, right - left + 1)
    return max_length ",O(n)
"def climb_stairs(n):
    if n <= 1:
        return 1
    dp = [0]*(n+1)
    dp[0], dp[1] = 1, 1
    for i in range(2, n+1):
        dp[i] = dp[i-1] + dp[i-2]
    return dp[n] ",O(n)
"def flood_fill(image, sr, sc, newColor):
    original = image[sr][sc]
    if original == newColor:
        return image
    rows, cols = len(image), len(image[0])
    def dfs(r, c):
        if r < 0 or c < 0 or r >= rows or c >= cols or image[r][c] != original:
            return
        image[r][c] = newColor
        dfs(r+1, c)
        dfs(r-1, c)
        dfs(r, c+1)
        dfs(r, c-1)
    dfs(sr, sc)
    return image ",O(n*m)
"def word_ladder(beginWord, endWord, wordList):
    from collections import deque
    wordSet = set(wordList)
    queue = deque([(beginWord, 1)])
    while queue:
        word, steps = queue.popleft()
        if word == endWord:
            return steps
        for i in range(len(word)):
            for c in 'abcdefghijklmnopqrstuvwxyz':
                nextWord = word[:i] + c + word[i+1:]
                if nextWord in wordSet:
                    wordSet.remove(nextWord)
                    queue.append((nextWord, steps+1))
    return 0 ",O(n*m)
"def word_frequency(text):
    words = text.split()
    freq = {}
    for word in words:
        freq[word] = freq.get(word, 0) + 1
    return freq ",O(n)
"def inorder_iterative(root):
    stack, result = [], []
    current = root
    while stack or current:
        if current:
            stack.append(current)
            current = current.left
        else:
            current = stack.pop()
            result.append(current.val)
            current = current.right
    return result ",O(n)
"def preorder_iterative(root):
    if not root:
        return []
    stack, result = [root], []
    while stack:
        node = stack.pop()
        result.append(node.val)
        if node.right:
            stack.append(node.right)
        if node.left:
            stack.append(node.left)
    return result ",O(n)
"def postorder_iterative(root):
    if not root:
        return []
    stack, result = [root], []
    while stack:
        node = stack.pop()
        result.append(node.val)
        if node.left:
            stack.append(node.left)
        if node.right:
            stack.append(node.right)
    return result[::-1] ",O(n)
"def count_nodes(root):
    if not root:
        return 0
    return 1 + count_nodes(root.left) + count_nodes(root.right) ",O(n)
"def all_substrings(s):
    substrings = []
    for i in range(len(s)):
        for j in range(i+1, len(s)+1):
            substrings.append(s[i:j])
    return substrings ",O(n^2)
"def power_set(nums):
    if not nums:
        return [[]]
    rest = power_set(nums[1:])
    return rest + [[nums[0]] + subset for subset in rest] ",O(2^n)
"def gray_code(n):
    if n == 0:
        return [0]
    result = gray_code(n-1)
    add = 1 << (n-1)
    return result + [x + add for x in reversed(result)] ",O(2^n)
"def iterative_permutations(arr):
    result = [[]]
    for num in arr:
        new_result = []
        for perm in result:
            for i in range(len(perm)+1):
                new_result.append(perm[:i] + [num] + perm[i:])
        result = new_result
    return result ",O(n!)
"def spiral_order(matrix):
    result = []
    while matrix:
        result += matrix.pop(0)
        matrix = list(zip(*matrix))[::-1]
    return result ",O(n*m)
"def zigzag_level_order(root):
    if not root:
        return []
    results, level, direction = [], [root], 1
    while level:
        current_vals = [node.val for node in level]
        results.append(current_vals if direction > 0 else current_vals[::-1])
        next_level = []
        for node in level:
            if node.left: next_level.append(node.left)
            if node.right: next_level.append(node.right)
        level = next_level
        direction *= -1
    return results ",O(n)
"def sum_recursive(arr, idx=0):
    if idx == len(arr):
        return 0
    return arr[idx] + sum_recursive(arr, idx+1) ",O(n)
"def z_algorithm(s):
    n = len(s)
    z = [0] * n
    l, r = 0, 0
    for i in range(1, n):
        if i > r:
            l, r = i, i
            while r < n and s[r-l] == s[r]:
                r += 1
            z[i] = r - l
            r -= 1
        else:
            k = i - l
            if z[k] < r - i + 1:
                z[i] = z[k]
            else:
                l = i
                while r < n and s[r-l] == s[r]:
                    r += 1
                z[i] = r - l
                r -= 1
    return z ",O(n)
"def boyer_moore(text, pattern):
    def bad_character_table(pattern):
        table = {}
        for i, char in enumerate(pattern):
            table[char] = i
        return table
    table = bad_character_table(pattern)
    m, n = len(pattern), len(text)
    i = m - 1
    while i < n:
        j = m - 1
        k = i
        while j >= 0 and text[k] == pattern[j]:
            j -= 1
            k -= 1
        if j < 0:
            return k + 1
        shift = m - min(j, table.get(text[i], -1) + 1)
        i += shift
    return -1 ",O(n)
"def balanced_parentheses(s):
    stack = []
    mapping = {')': '(', '}': '{', ']': '['}
    for char in s:
        if char in mapping.values():
            stack.append(char)
        elif char in mapping:
            if not stack or mapping[char] != stack.pop():
                return False
    return not stack ",O(n)
"def evaluate_postfix(expression):
    stack = []
    for token in expression.split():
        if token.isdigit():
            stack.append(int(token))
        else:
            b, a = stack.pop(), stack.pop()
            if token == '+': stack.append(a + b)
            elif token == '-': stack.append(a - b)
            elif token == '*': stack.append(a * b)
            elif token == '/': stack.append(a / b)
    return stack[0] ",O(n)
"def evaluate_prefix(expression):
    tokens = expression.split()[::-1]
    stack = []
    for token in tokens:
        if token.isdigit():
            stack.append(int(token))
        else:
            a, b = stack.pop(), stack.pop()
            if token == '+': stack.append(a + b)
            elif token == '-': stack.append(a - b)
            elif token == '*': stack.append(a * b)
            elif token == '/': stack.append(a / b)
    return stack[0] ",O(n)
"def infix_to_postfix(expression):
    precedence = {'+':1, '-':1, '*':2, '/':2}
    output = []
    stack = []
    for token in expression.split():
        if token.isalnum():
            output.append(token)
        elif token == '(':
            stack.append(token)
        elif token == ')':
            while stack and stack[-1] != '(':
                output.append(stack.pop())
            stack.pop()
        else:
            while stack and stack[-1] != '(' and precedence.get(token,0) <= precedence.get(stack[-1],0):
                output.append(stack.pop())
            stack.append(token)
    while stack:
        output.append(stack.pop())
    return ' '.join(output) ",O(n)
"def lru_cache_get(cache, key):
    return cache.get(key, None) ",O(1)
"def longest_palindrome_dp(s):
    n = len(s)
    dp = [[False]*n for _ in range(n)]
    start, max_len = 0, 1
    for i in range(n):
        dp[i][i] = True
    for i in range(n-1):
        if s[i] == s[i+1]:
            dp[i][i+1] = True
            start, max_len = i, 2
    for length in range(3, n+1):
        for i in range(n-length+1):
            j = i + length - 1
            if s[i] == s[j] and dp[i+1][j-1]:
                dp[i][j] = True
                start, max_len = i, length
    return s[start:start+max_len] ",O(n^2)
"def manacher(s):
    A = '@#' + '#'.join(s) + '#$'
    Z = [0] * len(A)
    center = right = 0
    for i in range(1, len(A)-1):
        if i < right:
            Z[i] = min(right - i, Z[2*center - i])
        while A[i + Z[i] + 1] == A[i - Z[i] - 1]:
            Z[i] += 1
        if i + Z[i] > right:
            center, right = i, i + Z[i]
    return max(Z) ",O(n)
"def count_binary_substrings(s):
    count, prev, curr = 0, 0, 1
    for i in range(1, len(s)):
        if s[i] == s[i-1]:
            curr += 1
        else:
            count += min(prev, curr)
            prev, curr = curr, 1
    count += min(prev, curr)
    return count ",O(n)
"def max_subarray_sum(arr):
    max_current = max_global = arr[0]
    for x in arr[1:]:
        max_current = max(x, max_current + x)
        max_global = max(max_global, max_current)
    return max_global ",O(n)
"def max_product_subarray(arr):
    max_prod = min_prod = result = arr[0]
    for num in arr[1:]:
        choices = (num, max_prod * num, min_prod * num)
        max_prod = max(choices)
        min_prod = min(choices)
        result = max(result, max_prod)
    return result ",O(n)
"def merge_two_sorted_linked_lists(l1, l2):
    if not l1:
        return l2
    if not l2:
        return l1
    if l1.val < l2.val:
        l1.next = merge_two_sorted_linked_lists(l1.next, l2)
        return l1
    else:
        l2.next = merge_two_sorted_linked_lists(l1, l2.next)
        return l2 ",O(n)
"def reverse_string_iterative(s):
    return s[::-1] ",O(n)
"def reverse_string_recursive(s):
    if len(s) <= 1:
        return s
    return reverse_string_recursive(s[1:]) + s[0] ",O(n^2)
"def is_palindrome(s):
    return s == s[::-1] ",O(n)
"def remove_duplicates_sorted(arr):
    if not arr:
        return 0
    j = 0
    for i in range(1, len(arr)):
        if arr[i] != arr[j]:
            j += 1
            arr[j] = arr[i]
    return j + 1 ",O(n)
"def rotate_array(arr, k):
    k %= len(arr)
    return arr[-k:] + arr[:-k] ",O(n)
"def pivot_index(arr):
    total = sum(arr)
    left_sum = 0
    for i, x in enumerate(arr):
        if left_sum == total - left_sum - x:
            return i
        left_sum += x
    return -1 ",O(n)
"def spiral_matrix(n):
    matrix = [[0]*n for _ in range(n)]
    num = 1
    for layer in range((n+1)//2):
        for i in range(layer, n-layer):
            matrix[layer][i] = num
            num += 1
        for i in range(layer+1, n-layer):
            matrix[i][n-layer-1] = num
            num += 1
        for i in range(n-layer-2, layer-1, -1):
            matrix[n-layer-1][i] = num
            num += 1
        for i in range(n-layer-2, layer, -1):
            matrix[i][layer] = num
            num += 1
    return matrix ",O(n^2)
"def generate_pascals_triangle(n):
    triangle = []
    for i in range(n):
        row = [1]*(i+1)
        for j in range(1, i):
            row[j] = triangle[i-1][j-1] + triangle[i-1][j]
        triangle.append(row)
    return triangle ",O(n^2)
"def insert_interval(intervals, new_interval):
    result = []
    i = 0
    while i < len(intervals) and intervals[i][1] < new_interval[0]:
        result.append(intervals[i])
        i += 1
    while i < len(intervals) and intervals[i][0] <= new_interval[1]:
        new_interval[0] = min(new_interval[0], intervals[i][0])
        new_interval[1] = max(new_interval[1], intervals[i][1])
        i += 1
    result.append(new_interval)
    result.extend(intervals[i:])
    return result ",O(n)
"def jump_game(nums):
    max_reach = 0
    for i, x in enumerate(nums):
        if i > max_reach:
            return False
        max_reach = max(max_reach, i+x)
    return True ",O(n)
"def majority_element(nums):
    count, candidate = 0, None
    for num in nums:
        if count == 0:
            candidate = num
        count += (1 if num == candidate else -1)
    return candidate ",O(n)
"def find_duplicate(nums):
    slow = fast = nums[0]
    while True:
        slow = nums[slow]
        fast = nums[nums[fast]]
        if slow == fast:
            break
    slow = nums[0]
    while slow != fast:
        slow = nums[slow]
        fast = nums[fast]
    return slow ",O(n)
"def subarray_sum_equals_k(nums, k):
    count = 0
    cumulative_sum = 0
    sums = {0: 1}
    for num in nums:
        cumulative_sum += num
        if cumulative_sum - k in sums:
            count += sums[cumulative_sum - k]
        sums[cumulative_sum] = sums.get(cumulative_sum, 0) + 1
    return count ",O(n)
"def number_of_islands(grid):
    if not grid: return 0
    count = 0
    rows, cols = len(grid), len(grid[0])
    def dfs(r, c):
        if r < 0 or c < 0 or r >= rows or c >= cols or grid[r][c] != '1':
            return
        grid[r][c] = '0'
        dfs(r+1, c)
        dfs(r-1, c)
        dfs(r, c+1)
        dfs(r, c-1)
    for r in range(rows):
        for c in range(cols):
            if grid[r][c] == '1':
                dfs(r, c)
                count += 1
    return count ",O(n*m)
"def pascal_triangle_row(n):
    row = [1]
    for k in range(1, n+1):
        row.append(row[-1] * (n - k + 1) // k)
    return row ",O(n)
"def merge_sort_iterative(arr):
    width = 1
    n = len(arr)
    while width < n:
        for i in range(0, n, 2*width):
            left = arr[i:i+width]
            right = arr[i+width:i+2*width]
            arr[i:i+2*width] = merge_sorted(left, right)
        width *= 2
    return arr ",O(nlogn)
"def word_count(text):
    counts = {}
    for word in text.split():
        counts[word] = counts.get(word, 0) + 1
    return counts ",O(n)
"def inorder_morris(root):
    result = []
    current = root
    while current:
        if not current.left:
            result.append(current.val)
            current = current.right
        else:
            pre = current.left
            while pre.right and pre.right != current:
                pre = pre.right
            if not pre.right:
                pre.right = current
                current = current.left
            else:
                pre.right = None
                result.append(current.val)
                current = current.right
    return result ",O(n)
"def preorder_morris(root):
    result = []
    current = root
    while current:
        if not current.left:
            result.append(current.val)
            current = current.right
        else:
            pre = current.left
            while pre.right and pre.right != current:
                pre = pre.right
            if not pre.right:
                result.append(current.val)
                pre.right = current
                current = current.left
            else:
                pre.right = None
                current = current.right
    return result ",O(n)
"def morris_postorder_traversal(root):
    result = []
    dummy = TreeNode(0)
    dummy.left = root
    current = dummy
    while current:
        if not current.left:
            current = current.right
        else:
            pre = current.left
            while pre.right and pre.right != current:
                pre = pre.right
            if not pre.right:
                pre.right = current
                current = current.left
            else:
                temp = []
                node = current.left
                while node != pre.right:
                    temp.append(node.val)
                    node = node.right
                result.extend(temp[::-1])
                pre.right = None
                current = current.right
    return result ",O(n)
"def two_sum_sorted(arr, target):
    left, right = 0, len(arr)-1
    while left < right:
        s = arr[left] + arr[right]
        if s == target:
            return (left, right)
        elif s < target:
            left += 1
        else:
            right -= 1
    return (-1, -1) ",O(n)
"def three_sum_sorted(arr):
    arr.sort()
    result = []
    n = len(arr)
    for i in range(n-2):
        left, right = i+1, n-1
        while left < right:
            s = arr[i] + arr[left] + arr[right]
            if s == 0:
                result.append((arr[i], arr[left], arr[right]))
                left += 1
                right -= 1
            elif s < 0:
                left += 1
            else:
                right -= 1
    return result ",O(n^2)
"def four_sum(arr, target):
    arr.sort()
    result = []
    n = len(arr)
    for i in range(n-3):
        for j in range(i+1, n-2):
            left, right = j+1, n-1
            while left < right:
                s = arr[i] + arr[j] + arr[left] + arr[right]
                if s == target:
                    result.append((arr[i], arr[j], arr[left], arr[right]))
                    left += 1
                    right -= 1
                elif s < target:
                    left += 1
                else:
                    right -= 1
    return result ",O(n^3)
"def count_subarrays_with_sum(arr, k):
    count = 0
    for i in range(len(arr)):
        s = 0
        for j in range(i, len(arr)):
            s += arr[j]
            if s == k:
                count += 1
    return count ",O(n^2)
"def longest_substring_k_distinct(s, k):
    from collections import defaultdict
    char_map = defaultdict(int)
    left = 0
    max_len = 0
    for right, char in enumerate(s):
        char_map[char] += 1
        while len(char_map) > k:
            char_map[s[left]] -= 1
            if char_map[s[left]] == 0:
                del char_map[s[left]]
            left += 1
        max_len = max(max_len, right - left + 1)
    return max_len ",O(n)
"def min_window_substring(s, t):
    from collections import Counter
    dict_t = Counter(t)
    required = len(dict_t)
    l, r = 0, 0
    formed = 0
    window_counts = {}
    ans = float('inf'), None, None
    while r < len(s):
        character = s[r]
        window_counts[character] = window_counts.get(character, 0) + 1
        if character in dict_t and window_counts[character] == dict_t[character]:
            formed += 1
        while l <= r and formed == required:
            character = s[l]
            if r - l + 1 < ans[0]:
                ans = (r - l + 1, l, r)
            window_counts[character] -= 1
            if character in dict_t and window_counts[character] < dict_t[character]:
                formed -= 1
            l += 1
        r += 1
    return '' if ans[0] == float('inf') else s[ans[1]:ans[2]+1] ",O(n)
"def find_anagrams(s, p):
    from collections import Counter
    p_count = Counter(p)
    s_count = Counter()
    result = []
    p_length = len(p)
    for i, char in enumerate(s):
        s_count[char] += 1
        if i >= p_length:
            if s_count[s[i-p_length]] == 1:
                del s_count[s[i-p_length]]
            else:
                s_count[s[i-p_length]] -= 1
        if s_count == p_count:
            result.append(i - p_length + 1)
    return result ",O(n)
"def evaluate_rpn(tokens):
    stack = []
    for token in tokens:
        if token not in '+-*/':
            stack.append(int(token))
        else:
            b = stack.pop()
            a = stack.pop()
            if token == '+':
                stack.append(a+b)
            elif token == '-':
                stack.append(a-b)
            elif token == '*':
                stack.append(a*b)
            else:
                stack.append(int(a/b))
    return stack[0] ",O(n)
"def basic_calculator(s):
    stack = []
    current_num = 0
    sign = 1
    result = 0
    for char in s:
        if char.isdigit():
            current_num = current_num * 10 + int(char)
        elif char == '+':
            result += sign * current_num
            current_num = 0
            sign = 1
        elif char == '-':
            result += sign * current_num
            current_num = 0
            sign = -1
        elif char == '(':
            stack.append(result)
            stack.append(sign)
            result = 0
            sign = 1
        elif char == ')':
            result += sign * current_num
            current_num = 0
            result *= stack.pop()
            result += stack.pop()
    return result + sign * current_num ",O(n)
"def expression_tree_evaluation(root):
    if not root:
        return 0
    if not root.left and not root.right:
        return int(root.val)
    left_val = expression_tree_evaluation(root.left)
    right_val = expression_tree_evaluation(root.right)
    if root.val == '+':
        return left_val + right_val
    elif root.val == '-':
        return left_val - right_val
    elif root.val == '*':
        return left_val * right_val
    else:
        return left_val / right_val ",O(n)
"def bst_to_sorted_list(root):
    result = []
    def inorder(node):
        if not node:
            return
        inorder(node.left)
        result.append(node.val)
        inorder(node.right)
    inorder(root)
    return result ",O(n)
"def sorted_list_to_bst(nums):
    def helper(l, r):
        if l > r:
            return None
        m = (l + r) // 2
        node = TreeNode(nums[m])
        node.left = helper(l, m-1)
        node.right = helper(m+1, r)
        return node
    return helper(0, len(nums)-1) ",O(n)
"def validate_bst(root, low=float('-inf'), high=float('inf')):
    if not root:
        return True
    if not (low < root.val < high):
        return False
    return validate_bst(root.left, low, root.val) and validate_bst(root.right, root.val, high) ",O(n)
"def lowest_common_ancestor_bt(root, p, q):
    if not root or root == p or root == q:
        return root
    left = lowest_common_ancestor_bt(root.left, p, q)
    right = lowest_common_ancestor_bt(root.right, p, q)
    if left and right:
        return root
    return left or right ",O(n)
"def serialize_tree(root):
    def helper(node):
        if not node:
            vals.append('#')
        else:
            vals.append(str(node.val))
            helper(node.left)
            helper(node.right)
    vals = []
    helper(root)
    return ' '.join(vals) ",O(n)
"def deserialize_tree(data):
    def helper(vals):
        if vals[0] == '#':
            vals.pop(0)
            return None
        node = TreeNode(int(vals.pop(0)))
        node.left = helper(vals)
        node.right = helper(vals)
        return node
    vals = data.split()
    return helper(vals) ",O(n)
"def find_missing_numbers(nums):
    full_set = set(range(min(nums), max(nums)+1))
    return list(full_set - set(nums)) ",O(n)
"def two_sum_unsorted(nums, target):
    seen = {}
    for num in nums:
        if target - num in seen:
            return True
        seen[num] = True
    return False ",O(n)
"def three_sum_closest(nums, target):
    nums.sort()
    closest = float('inf')
    for i in range(len(nums)-2):
        left, right = i+1, len(nums)-1
        while left < right:
            s = nums[i] + nums[left] + nums[right]
            if abs(s - target) < abs(closest - target):
                closest = s
            if s < target:
                left += 1
            else:
                right -= 1
    return closest ",O(n^2)
"def four_sum(arr, target):
    arr.sort()
    result = []
    n = len(arr)
    for i in range(n-3):
        for j in range(i+1, n-2):
            left, right = j+1, n-1
            while left < right:
                s = arr[i] + arr[j] + arr[left] + arr[right]
                if s == target:
                    result.append((arr[i], arr[j], arr[left], arr[right]))
                    left += 1
                    right -= 1
                elif s < target:
                    left += 1
                else:
                    right -= 1
    return result ",O(n^3)
"def count_subarrays_with_product_less_than_k(nums, k):
    if k <= 1:
        return 0
    prod = 1
    count = left = 0
    for right, val in enumerate(nums):
        prod *= val
        while prod >= k:
            prod //= nums[left]
            left += 1
        count += right - left + 1
    return count ",O(n)
"def longest_common_prefix(strs):
    if not strs:
        return ''
    prefix = strs[0]
    for s in strs[1:]:
        while s.find(prefix) != 0:
            prefix = prefix[:-1]
            if not prefix:
                return ''
    return prefix ",O(n*m)
"def find_longest_word(words):
    longest = ''
    for word in words:
        if len(word) > len(longest):
            longest = word
    return longest ",O(n)
"def sort_by_frequency(s):
    from collections import Counter
    counts = Counter(s)
    return ''.join(sorted(s, key=lambda x: counts[x])) ",O(nlogn)
"def longest_increasing_subsequence_binary_search(nums):
    import bisect
    sub = []
    for num in nums:
        pos = bisect.bisect_left(sub, num)
        if pos == len(sub):
            sub.append(num)
        else:
            sub[pos] = num
    return len(sub) ",O(nlogn)
"def merge_intervals_recursive(intervals):
    if not intervals:
        return []
    intervals.sort(key=lambda x: x[0])
    def merge_recursive(lst):
        if len(lst) <= 1:
            return lst
        merged = []
        i = 0
        while i < len(lst):
            current = lst[i]
            while i+1 < len(lst) and lst[i+1][0] <= current[1]:
                current = [current[0], max(current[1], lst[i+1][1])]
                i += 1
            merged.append(current)
            i += 1
        return merged
    return merge_recursive(intervals) ",O(nlogn)
"def matrix_transpose(matrix):
    return list(map(list, zip(*matrix))) ",O(n*m)
"def matrix_addition(A, B):
    n, m = len(A), len(A[0])
    return [[A[i][j] + B[i][j] for j in range(m)] for i in range(n)] ",O(n*m)
"def matrix_scalar_multiply(matrix, scalar):
    return [[elem * scalar for elem in row] for row in matrix] ",O(n*m)
"def matrix_subtraction(A, B):
    n, m = len(A), len(A[0])
    return [[A[i][j] - B[i][j] for j in range(m)] for i in range(n)] ",O(n*m)
"def flatten_matrix(matrix):
    return [elem for row in matrix for elem in row] ",O(n*m)
"def vector_dot_product(v1, v2):
    return sum(x*y for x, y in zip(v1, v2)) ",O(n)
"def gcd_iterative(a, b):
    while b:
        a, b = b, a % b
    return a ",O(logn)
"def gcd_recursive(a, b):
    return a if b == 0 else gcd_recursive(b, a % b) ",O(logn)
"def lcm(a, b):
    def gcd(a, b):
        return a if b == 0 else gcd(b, a % b)
    return a * b // gcd(a, b) ",O(logn)
"def level_order_recursive(root):
    result = []
    def helper(nodes):
        if not nodes:
            return
        next_level = []
        level_vals = []
        for node in nodes:
            level_vals.append(node.val)
            if node.left: next_level.append(node.left)
            if node.right: next_level.append(node.right)
        result.append(level_vals)
        helper(next_level)
    helper([root])
    return result ",O(n)
"def count_leaves(root):
    if not root:
        return 0
    if not root.left and not root.right:
        return 1
    return count_leaves(root.left) + count_leaves(root.right) ",O(n)
"def bst_search_iterative(root, key):
    while root:
        if root.val == key:
            return True
        root = root.left if key < root.val else root.right
    return False ",O(logn)
"def bst_search_recursive(root, key):
    if not root:
        return False
    if root.val == key:
        return True
    return bst_search_recursive(root.left, key) if key < root.val else bst_search_recursive(root.right, key) ",O(logn)
"def tree_height_iterative(root):
    if not root:
        return 0
    height = 0
    queue = [root]
    while queue:
        height += 1
        queue = [child for node in queue for child in (node.left, node.right) if child]
    return height ",O(n)
"def tree_height_recursive(root):
    if not root:
        return 0
    return 1 + max(tree_height_recursive(root.left), tree_height_recursive(root.right)) ",O(n)
"def serialize_preorder(root):
    if not root:
        return '#'
    return str(root.val) + ' ' + serialize_preorder(root.left) + ' ' + serialize_preorder(root.right) ",O(n)
"def sum_of_digits_iterative(n):
    s = 0
    while n:
        s += n % 10
        n //= 10
    return s ",O(logn)
"def reverse_digits_iterative(n):
    rev = 0
    while n:
        rev = rev * 10 + n % 10
        n //= 10
    return rev ",O(logn)
"def reverse_digits_recursive(n, rev=0):
    if n == 0:
        return rev
    return reverse_digits_recursive(n // 10, rev * 10 + n % 10) ",O(logn)
"def count_trailing_zeros(n):
    count = 0
    while n:
        n //= 5
        count += n
    return count ",O(logn)
"def count_ones(n):
    count = 0
    while n:
        count += n & 1
        n >>= 1
    return count ",O(logn)
"def bit_count(n):
    count = 0
    while n:
        n &= n - 1
        count += 1
    return count ",O(logn)
"def power_iterative(x, n):
    result = 1
    while n:
        if n % 2:
            result *= x
        x *= x
        n //= 2
    return result ",O(logn)
"def power_recursive(x, n):
    if n == 0:
        return 1
    half = power_recursive(x, n//2)
    return half * half if n % 2 == 0 else x * half * half ",O(logn)
"def arithmetic_sum(n, a, d):
    return n * (2*a + (n-1)*d) // 2 ",O(1)
"def geometric_sum(n, a, r):
    if r == 1:
        return a * n
    return a * (1 - r**n) // (1 - r) ",O(1)
"def sieve_sundaram(n):
    k = (n-2)//2
    marked = [False]*(k+1)
    for i in range(1, k+1):
        j = i
        while i + j + 2*i*j <= k:
            marked[i+j+2*i*j] = True
            j += 1
    primes = [2] if n > 2 else []
    for i in range(1, k+1):
        if not marked[i]:
            primes.append(2*i+1)
    return primes ",O(nlogn)
"def find_missing_number(arr, n):
    expected = n*(n+1)//2
    return expected - sum(arr) ",O(n)
"def find_duplicate_sort(arr):
    arr.sort()
    for i in range(1, len(arr)):
        if arr[i] == arr[i-1]:
            return arr[i]
    return None ",O(nlogn)
"def frequency_dict(arr):
    return {x: arr.count(x) for x in set(arr)} ",O(n^2)
"def remove_duplicates(lst):
    seen = set()
    result = []
    for item in lst:
        if item not in seen:
            seen.add(item)
            result.append(item)
    return result ",O(n)
"def longest_consecutive(nums):
    num_set = set(nums)
    longest = 0
    for num in nums:
        if num - 1 not in num_set:
            length = 1
            while num + length in num_set:
                length += 1
            longest = max(longest, length)
    return longest ",O(n)
"def count_islands(grid):
    if not grid: return 0
    rows, cols = len(grid), len(grid[0])
    count = 0
    def dfs(i, j):
        if i < 0 or j < 0 or i >= rows or j >= cols or grid[i][j] != 1:
            return
        grid[i][j] = 0
        dfs(i+1, j); dfs(i-1, j); dfs(i, j+1); dfs(i, j-1)
    for i in range(rows):
        for j in range(cols):
            if grid[i][j] == 1:
                dfs(i, j)
                count += 1
    return count ",O(n*m)
"def maximal_rectangle(matrix):
    if not matrix: return 0
    max_area = 0
    dp = [0]*len(matrix[0])
    for row in matrix:
        for j in range(len(row)):
            dp[j] = dp[j] + 1 if row[j] == '1' else 0
        area = largest_rectangle_area(dp)
        max_area = max(max_area, area)
    return max_area ",O(n*m)
"def maximal_square(matrix):
    if not matrix: return 0
    rows, cols = len(matrix), len(matrix[0])
    dp = [[0]*cols for _ in range(rows)]
    max_side = 0
    for i in range(rows):
        for j in range(cols):
            if matrix[i][j] == '1':
                dp[i][j] = 1 if i==0 or j==0 else 1 + min(dp[i-1][j], dp[i][j-1], dp[i-1][j-1])
                max_side = max(max_side, dp[i][j])
    return max_side*max_side ",O(n*m)
"def min_cost_stairs(cost):
    n = len(cost)
    dp = [0]*(n+1)
    for i in range(2, n+1):
        dp[i] = min(dp[i-1] + cost[i-1], dp[i-2] + cost[i-2])
    return dp[n] ",O(n)
"def house_robber(nums):
    if not nums: return 0
    if len(nums) == 1: return nums[0]
    dp = [0]*len(nums)
    dp[0], dp[1] = nums[0], max(nums[0], nums[1])
    for i in range(2, len(nums)):
        dp[i] = max(dp[i-1], dp[i-2] + nums[i])
    return dp[-1] ",O(n)
"def house_robber_recursive(nums, i=0, memo={}):
    if i >= len(nums):
        return 0
    if i in memo:
        return memo[i]
    memo[i] = max(nums[i] + house_robber_recursive(nums, i+2, memo),
                  house_robber_recursive(nums, i+1, memo))
    return memo[i] ",O(n)
"def fib_fast_doubling(n):
    if n == 0:
        return (0, 1)
    a, b = fib_fast_doubling(n//2)
    c = a*(2*b - a)
    d = a*a + b*b
    return (c, d) if n % 2 == 0 else (d, c+d) ",O(logn)
"def catalan_dp(n):
    catalan = [0]*(n+1)
    catalan[0] = catalan[1] = 1
    for i in range(2, n+1):
        for j in range(i):
            catalan[i] += catalan[j] * catalan[i-j-1]
    return catalan[n] ",O(n^2)
"def subset_sum(arr, target, i=0):
    if target == 0:
        return True
    if i >= len(arr) or target < 0:
        return False
    return subset_sum(arr, target - arr[i], i+1) or subset_sum(arr, target, i+1) ",O(2^n)
"def longest_palindromic_subsequence(s):
    n = len(s)
    dp = [[0]*n for _ in range(n)]
    for i in range(n):
        dp[i][i] = 1
    for cl in range(2, n+1):
        for i in range(n-cl+1):
            j = i+cl-1
            if s[i] == s[j] and cl == 2:
                dp[i][j] = 2
            elif s[i] == s[j]:
                dp[i][j] = dp[i+1][j-1] + 2
            else:
                dp[i][j] = max(dp[i][j-1], dp[i+1][j])
    return dp[0][n-1] ",O(n^2)
"def longest_repeating_subsequence(s):
    n = len(s)
    dp = [[0]*(n+1) for _ in range(n+1)]
    for i in range(1, n+1):
        for j in range(1, n+1):
            if s[i-1] == s[j-1] and i != j:
                dp[i][j] = dp[i-1][j-1] + 1
            else:
                dp[i][j] = max(dp[i-1][j], dp[i][j-1])
    return dp[n][n] ",O(n^2)
"def check_parentheses(s):
    stack = []
    mapping = {')':'(', '}':'{', ']':'['}
    for char in s:
        if char in mapping.values():
            stack.append(char)
        elif char in mapping:
            if not stack or stack.pop() != mapping[char]:
                return False
    return not stack ",O(n)
"def evaluate_infix(expr):
    import operator
    ops = {'+': operator.add, '-': operator.sub, '*': operator.mul, '/': operator.truediv}
    tokens = expr.split()
    stack = []
    for token in tokens:
        if token in ops:
            b, a = stack.pop(), stack.pop()
            stack.append(ops[token](a, b))
        else:
            stack.append(float(token))
    return stack[0] ",O(n)
"def determinant(matrix):
    if len(matrix) == 1:
        return matrix[0][0]
    if len(matrix) == 2:
        return matrix[0][0]*matrix[1][1] - matrix[0][1]*matrix[1][0]
    det = 0
    for c in range(len(matrix)):
        submatrix = [row[:c] + row[c+1:] for row in matrix[1:]]
        det += ((-1)**c) * matrix[0][c] * determinant(submatrix)
    return det ",O(n!)
"def invert_matrix(matrix):
    n = len(matrix)
    aug = [row + [1 if i==j else 0 for j in range(n)] for i, row in enumerate(matrix)]
    for i in range(n):
        pivot = aug[i][i]
        aug[i] = [x/pivot for x in aug[i]]
        for j in range(n):
            if j != i:
                factor = aug[j][i]
                aug[j] = [x - factor*y for x, y in zip(aug[j], aug[i])]
    return [row[n:] for row in aug] ",O(n^3)
"def gaussian_elimination(A, b):
    n = len(b)
    for i in range(n):
        pivot = A[i][i]
        A[i] = [x/pivot for x in A[i]]
        b[i] /= pivot
        for j in range(n):
            if j != i:
                factor = A[j][i]
                A[j] = [a - factor*x for a, x in zip(A[j], A[i])]
                b[j] -= factor*b[i]
    return b ",O(n^3)
"def matrix_rank(matrix):
    m = [row[:] for row in matrix]
    rows, cols = len(m), len(m[0])
    rank = 0
    for c in range(cols):
        pivot = None
        for r in range(rank, rows):
            if m[r][c] != 0:
                pivot = r
                break
        if pivot is not None:
            m[rank], m[pivot] = m[pivot], m[rank]
            pivot_val = m[rank][c]
            m[rank] = [x / pivot_val for x in m[rank]]
            for r in range(rows):
                if r != rank:
                    factor = m[r][c]
                    m[r] = [x - factor*y for x, y in zip(m[r], m[rank])]
            rank += 1
    return rank ",O(n^3)
"def polynomial_multiply(p, q):
    result = [0]*(len(p)+len(q)-1)
    for i in range(len(p)):
        for j in range(len(q)):
            result[i+j] += p[i]*q[j]
    return result ",O(n^2)
"def fft(x):
    import cmath
    n = len(x)
    if n <= 1: 
        return x
    even = fft(x[0::2])
    odd = fft(x[1::2])
    T = [0]*n
    for k in range(n//2):
        t = cmath.exp(-2j*cmath.pi*k/n) * odd[k]
        T[k] = even[k] + t
        T[k+n//2] = even[k] - t
    return T ",O(nlogn)
"def ifft(x):
    import cmath
    n = len(x)
    if n <= 1: 
        return x
    even = ifft(x[0::2])
    odd = ifft(x[1::2])
    T = [0]*n
    for k in range(n//2):
        t = cmath.exp(2j*cmath.pi*k/n) * odd[k]
        T[k] = even[k] + t
        T[k+n//2] = even[k] - t
    return [y/n for y in T] ",O(nlogn)
"def horner(poly, x):
    result = 0
    for coeff in poly:
        result = result*x + coeff
    return result ",O(n)
"def count_inversions(arr):
    def update(BIT, i, n):
        while i < len(BIT):
            BIT[i] += 1
            i += i & -i
    def query(BIT, i):
        s = 0
        while i:
            s += BIT[i]
            i -= i & -i
        return s
    max_val = max(arr)
    BIT = [0]*(max_val+1)
    inv_count = 0
    for num in reversed(arr):
        inv_count += query(BIT, num-1)
        update(BIT, num, max_val)
    return inv_count ",O(nlogn)
"def build_segment_tree(arr):
    n = len(arr)
    seg = [0]*(2*n)
    for i in range(n):
        seg[n+i] = arr[i]
    for i in range(n-1, 0, -1):
        seg[i] = seg[2*i] + seg[2*i+1]
    return seg ",O(n)
"def segment_tree_query(seg, n, l, r):
    l += n; r += n
    s = 0
    while l < r:
        if l & 1:
            s += seg[l]
            l += 1
        if r & 1:
            r -= 1
            s += seg[r]
        l //= 2; r //= 2
    return s ",O(logn)
"def segment_tree_update(seg, n, index, value):
    index += n
    seg[index] = value
    while index > 1:
        index //= 2
        seg[index] = seg[2*index] + seg[2*index+1] ",O(logn)
"def build_sparse_table(arr):
    import math
    n = len(arr)
    k = int(math.log2(n)) + 1
    st = [[0]*n for _ in range(k)]
    st[0] = arr[:]
    for j in range(1, k):
        for i in range(n - (1 << j) + 1):
            st[j][i] = min(st[j-1][i], st[j-1][i + (1 << (j-1))])
    return st ",O(nlogn)
"def query_sparse_table(st, L, R):
    import math
    j = int(math.log2(R-L+1))
    return min(st[j][L], st[j][R - (1 << j) + 1]) ",O(1)
"def count_leaves_iterative(root):
    if not root:
        return 0
    count = 0
    stack = [root]
    while stack:
        node = stack.pop()
        if not node.left and not node.right:
            count += 1
        if node.left:
            stack.append(node.left)
        if node.right:
            stack.append(node.right)
    return count ",O(n)
"def is_balanced(root):
    def height_and_balance(node):
        if not node:
            return (0, True)
        left_height, left_balanced = height_and_balance(node.left)
        right_height, right_balanced = height_and_balance(node.right)
        balanced = left_balanced and right_balanced and abs(left_height - right_height) <= 1
        return (max(left_height, right_height) + 1, balanced)
    return height_and_balance(root)[1] ",O(n)
"def reverse_linked_list_recursive(head):
    if not head or not head.next:
        return head
    rest = reverse_linked_list_recursive(head.next)
    head.next.next = head
    head.next = None
    return rest ",O(n)
"def reverse_linked_list_iterative(head):
    prev = None
    current = head
    while current:
        next_node = current.next
        current.next = prev
        prev = current
        current = next_node
    return prev ",O(n)
"def detect_cycle_linked_list(head):
    slow = fast = head
    while fast and fast.next:
        slow = slow.next
        fast = fast.next.next
        if slow == fast:
            return True
    return False ",O(n)
"def find_middle_linked_list(head):
    slow = fast = head
    while fast and fast.next:
        slow = slow.next
        fast = fast.next.next
    return slow ",O(n)
"def lru_cache_get_item(cache, key):
    from collections import OrderedDict
    if key in cache:
        cache.move_to_end(key)
        return cache[key]
    return -1 ",O(1)
"def lru_cache_set_item(cache, key, value, capacity):
    from collections import OrderedDict
    if key in cache:
        cache.move_to_end(key)
    cache[key] = value
    if len(cache) > capacity:
        cache.popitem(last=False) ",O(1)
"def kadane(arr):
    max_so_far = arr[0]
    max_ending_here = arr[0]
    for x in arr[1:]:
        max_ending_here = max(x, max_ending_here + x)
        max_so_far = max(max_so_far, max_ending_here)
    return max_so_far ",O(n)
"def char_frequency(s):
    freq = {}
    for char in s:
        freq[char] = freq.get(char, 0) + 1
    return freq ",O(n)
"def group_by_frequency(lst):
    from collections import defaultdict
    d = defaultdict(list)
    for item in lst:
        d[item].append(item)
    return d ",O(n)
"def longest_unique_substring(s):
    char_index = {}
    start = 0
    max_len = 0
    for i, char in enumerate(s):
        if char in char_index and char_index[char] >= start:
            start = char_index[char] + 1
        char_index[char] = i
        max_len = max(max_len, i - start + 1)
    return max_len ",O(n)
"def two_sum_hash(nums, target):
    lookup = {}
    for i, num in enumerate(nums):
        if target - num in lookup:
            return (lookup[target - num], i)
        lookup[num] = i
    return None ",O(n)
"def three_sum(nums):
    nums.sort()
    result = []
    for i in range(len(nums)-2):
        if i > 0 and nums[i] == nums[i-1]:
            continue
        l, r = i+1, len(nums)-1
        while l < r:
            s = nums[i] + nums[l] + nums[r]
            if s == 0:
                result.append((nums[i], nums[l], nums[r]))
                l += 1; r -= 1
            elif s < 0:
                l += 1
            else:
                r -= 1
    return result ",O(n^2)
"def heapsort(arr):
    import heapq
    heapq.heapify(arr)
    return [heapq.heappop(arr) for _ in range(len(arr))] ",O(nlogn)
"def insertion_sort(arr):
    for i in range(1, len(arr)):
        key = arr[i]
        j = i-1
        while j >= 0 and arr[j] > key:
            arr[j+1] = arr[j]
            j -= 1
        arr[j+1] = key
    return arr ",O(n^2)
"def merge_sort_iterative(arr):
    width = 1
    n = len(arr)
    while width < n:
        for i in range(0, n, 2*width):
            left = arr[i:i+width]
            right = arr[i+width:i+2*width]
            arr[i:i+2*width] = merge_sorted_arrays(left, right)
        width *= 2
    return arr ",O(nlogn)
"def linear_search(arr, target):
    for i in range(len(arr)):
        if arr[i] == target:
            return i
    return -1 ",O(n)
"def constant_operation(a, b):
    return a + b ",O(1)
"def sum_elements(arr):
    total = 0
    for elem in arr:
        total += elem
    return total ",O(n)
"def binary_search(arr, target):
    low, high = 0, len(arr) - 1
    while low <= high:
        mid = (low + high) // 2
        if arr[mid] == target:
            return mid
        elif arr[mid] < target:
            low = mid + 1
        else:
            high = mid - 1
    return -1 ",O(logn)
"def factorial(n):
    if n <= 1:
        return 1
    return n * factorial(n-1) ",O(n)
"def get_last_element(arr):
    return arr[-1] ",O(1)
"def calculate_average(numbers):
    total = 0
    for num in numbers:
        total += num
    return total / len(numbers) if numbers else 0 ",O(n)
"def merge_sort(arr):
    if len(arr) <= 1:
        return arr
    mid = len(arr) // 2
    left = merge_sort(arr[:mid])
    right = merge_sort(arr[mid:])
    return merge(left, right)

def merge(left, right):
    result = []
    i = j = 0
    while i < len(left) and j < len(right):
        if left[i] < right[j]:
            result.append(left[i])
            i += 1
        else:
            result.append(right[j])
            j += 1
    result.extend(left[i:])
    result.extend(right[j:])
    return result ",O(nlogn)
"def find_max(arr):
    if not arr:
        return None
    max_val = arr[0]
    for i in range(1, len(arr)):
        if arr[i] > max_val:
            max_val = arr[i]
    return max_val ",O(n)
"def power(x, n):
    if n == 0:
        return 1
    if n % 2 == 0:
        return power(x * x, n // 2)
    else:
        return x * power(x * x, n // 2) ",O(logn)
"def fibonacci(n):
    if n <= 1:
        return n
    return fibonacci(n-1) + fibonacci(n-2) ",O(2^n)
"def check_duplicates(arr):
    seen = set()
    for item in arr:
        if item in seen:
            return True
        seen.add(item)
    return False ",O(n)
"def map_values(arr, func):
    return [func(x) for x in arr] ",O(n)
"def is_palindrome(s):
    return s == s[::-1] ",O(n)
"def two_sum(nums, target):
    seen = {}
    for i, num in enumerate(nums):
        complement = target - num
        if complement in seen:
            return [seen[complement], i]
        seen[num] = i
    return [] ",O(n)
"def quicksort(arr):
    if len(arr) <= 1:
        return arr
    pivot = arr[len(arr) // 2]
    left = [x for x in arr if x < pivot]
    middle = [x for x in arr if x == pivot]
    right = [x for x in arr if x > pivot]
    return quicksort(left) + middle + quicksort(right) ",O(nlogn)
"def count_elements(arr):
    return len(arr) ",O(1)
"def is_sorted(arr):
    for i in range(len(arr) - 1):
        if arr[i] > arr[i + 1]:
            return False
    return True ",O(n)
"def intersection(list1, list2):
    set1 = set(list1)
    result = []
    for item in list2:
        if item in set1:
            result.append(item)
    return result ",O(n)
"def nth_fibonacci_iterative(n):
    a, b = 0, 1
    for _ in range(n):
        a, b = b, a + b
    return a ",O(n)
"def exponential_complexity(n):
    if n <= 0:
        return 1
    return exponential_complexity(n-1) + exponential_complexity(n-1) ",O(2^n)
"def contains_duplicate(nums):
    return len(nums) != len(set(nums)) ",O(n)
"def is_power_of_two(n):
    return n > 0 and (n & (n - 1)) == 0 ",O(1)
"def permutations(arr):
    if len(arr) <= 1:
        return [arr]
    result = []
    for i in range(len(arr)):
        current = arr[i]
        remaining = arr[:i] + arr[i+1:]
        for p in permutations(remaining):
            result.append([current] + p)
    return result ",O(n!)
"def detect_cycle(head):
    if not head or not head.next:
        return False
    slow = head
    fast = head
    while fast and fast.next:
        slow = slow.next
        fast = fast.next.next
        if slow == fast:
            return True
    return False ",O(n)
"def tiling_problem(n):
    if n <= 2:
        return n
    dp = [0] * (n + 1)
    dp[1] = 1
    dp[2] = 2
    for i in range(3, n + 1):
        dp[i] = dp[i-1] + dp[i-2]
    return dp[n] ",O(n)
"def find_duplicate(nums):
    slow = nums[0]
    fast = nums[0]
    while True:
        slow = nums[slow]
        fast = nums[nums[fast]]
        if slow == fast:
            break
    
    slow = nums[0]
    while slow != fast:
        slow = nums[slow]
        fast = nums[fast]
    
    return slow ",O(n)
"def kadane_algorithm(nums):
    current_max = global_max = nums[0]
    
    for i in range(1, len(nums)):
        current_max = max(nums[i], current_max + nums[i])
        global_max = max(global_max, current_max)
    
    return global_max ",O(n)
"def jump_game(nums):
    max_reach = 0
    for i in range(len(nums)):
        if i > max_reach:
            return False
        max_reach = max(max_reach, i + nums[i])
    return True ",O(n)
"def valid_parentheses(s):
    stack = []
    mapping = {')': '(', '}': '{', ']': '['}
    
    for char in s:
        if char in mapping:
            top_element = stack.pop() if stack else '#'
            if mapping[char] != top_element:
                return False
        else:
            stack.append(char)
    
    return not stack ",O(n)
"def get_middle_element(arr):
    return arr[len(arr) // 2] ",O(1)
"def swap_first_last(arr):
    if len(arr) <= 1:
        return arr
    arr[0], arr[-1] = arr[-1], arr[0]
    return arr ",O(1)
"def is_empty(arr):
    return len(arr) == 0 ",O(1)
"def count_frequency(arr):
    freq = {}
    for item in arr:
        if item in freq:
            freq[item] += 1
        else:
            freq[item] = 1
    return freq ",O(n)
"def list_sum_recursive(lst):
    if not lst:
        return 0
    return lst[0] + list_sum_recursive(lst[1:]) ",O(n)
"def find_second_largest(arr):
    if len(arr) < 2:
        return None
    
    largest = second = float('-inf')
    for num in arr:
        if num > largest:
            second = largest
            largest = num
        elif num > second and num != largest:
            second = num
    
    return second if second != float('-inf') else None ",O(n)
"def is_anagram(s1, s2):
    return sorted(s1) == sorted(s2) ",O(nlogn)
"def reverse_string(s):
    return s[::-1] ",O(n)
"def find_missing_number(nums):
    n = len(nums)
    expected_sum = n * (n + 1) // 2
    actual_sum = sum(nums)
    return expected_sum - actual_sum ",O(n)
"def first_unique_char(s):
    char_count = {}
    for char in s:
        char_count[char] = char_count.get(char, 0) + 1
    
    for i, char in enumerate(s):
        if char_count[char] == 1:
            return i
    
    return -1 ",O(n)
"def reverse_words(sentence):
    words = sentence.split()
    return ' '.join(reversed(words)) ",O(n)
"def find_peak_element(nums):
    left, right = 0, len(nums) - 1
    
    while left < right:
        mid = (left + right) // 2
        if nums[mid] < nums[mid + 1]:
            left = mid + 1
        else:
            right = mid
    
    return left ",O(logn)
"def is_happy_number(n):
    seen = set()
    while n != 1 and n not in seen:
        seen.add(n)
        n = sum(int(digit) ** 2 for digit in str(n))
    return n == 1 ",O(logn)
"def max_subarray_sum(nums):
    max_so_far = nums[0]
    max_ending_here = nums[0]
    
    for i in range(1, len(nums)):
        max_ending_here = max(nums[i], max_ending_here + nums[i])
        max_so_far = max(max_so_far, max_ending_here)
    
    return max_so_far ",O(n)
"def binary_search_recursive(arr, target, left, right):
    if left > right:
        return -1
    
    mid = (left + right) // 2
    
    if arr[mid] == target:
        return mid
    elif arr[mid] > target:
        return binary_search_recursive(arr, target, left, mid - 1)
    else:
        return binary_search_recursive(arr, target, mid + 1, right) ",O(logn)
"def rotate_array(nums, k):
    n = len(nums)
    k = k % n
    nums[:] = nums[n-k:] + nums[:n-k]
    return nums ",O(n)
"def string_to_integer(s):
    return int(s) ",O(n)
"def fibonacci_dp(n):
    if n <= 1:
        return n
    
    dp = [0] * (n + 1)
    dp[1] = 1
    
    for i in range(2, n + 1):
        dp[i] = dp[i-1] + dp[i-2]
    
    return dp[n] ",O(n)
"def calculate_pow(x, n):
    return x ** n ",O(logn)
"def is_valid_sudoku(board):
    rows = [set() for _ in range(9)]
    cols = [set() for _ in range(9)]
    boxes = [set() for _ in range(9)]
    
    for i in range(9):
        for j in range(9):
            if board[i][j] == '.':
                continue
            
            if (board[i][j] in rows[i] or
                board[i][j] in cols[j] or
                board[i][j] in boxes[(i//3)*3 + j//3]):
                return False
            
            rows[i].add(board[i][j])
            cols[j].add(board[i][j])
            boxes[(i//3)*3 + j//3].add(board[i][j])
    
    return True ",O(1)
"def dutch_national_flag(arr):
    low, mid, high = 0, 0, len(arr) - 1
    
    while mid <= high:
        if arr[mid] == 0:
            arr[low], arr[mid] = arr[mid], arr[low]
            low += 1
            mid += 1
        elif arr[mid] == 1:
            mid += 1
        else:  # arr[mid] == 2
            arr[mid], arr[high] = arr[high], arr[mid]
            high -= 1
    
    return arr ",O(n)
"def next_permutation(nums):
    i = len(nums) - 2
    while i >= 0 and nums[i] >= nums[i + 1]:
        i -= 1
    
    if i >= 0:
        j = len(nums) - 1
        while nums[j] <= nums[i]:
            j -= 1
        nums[i], nums[j] = nums[j], nums[i]
    
    left, right = i + 1, len(nums) - 1
    while left < right:
        nums[left], nums[right] = nums[right], nums[left]
        left += 1
        right -= 1
    
    return nums ",O(n)
"def is_perfect_square(num):
    if num < 0:
        return False
    
    left, right = 0, num
    while left <= right:
        mid = (left + right) // 2
        square = mid * mid
        
        if square == num:
            return True
        elif square < num:
            left = mid + 1
        else:
            right = mid - 1
    
    return False ",O(logn)
"def has_cycle(head):
    if not head or not head.next:
        return False
    
    slow = head
    fast = head.next
    
    while slow != fast:
        if not fast or not fast.next:
            return False
        slow = slow.next
        fast = fast.next.next
    
    return True ",O(n)
"def generate_pascals_triangle(num_rows):
    if num_rows == 0:
        return []
    
    result = [[1]]
    
    for i in range(1, num_rows):
        row = [1]
        for j in range(1, i):
            row.append(result[i-1][j-1] + result[i-1][j])
        row.append(1)
        result.append(row)
    
    return result ",O(n^2)
"def get_first(lst):
    return lst[0]",O(1)
"def get_last(lst):
    return lst[-1]",O(1)
"def dict_get(d, k):
    return d.get(k)",O(1)
"def set_add(s, x):
    s.add(x)",O(1)
"def check_membership(s, x):
    return x in s",O(1)
"def stack_push(s, x):
    s.append(x)",O(1)
"def stack_pop(s):
    return s.pop()",O(1)
"def increment(c):
    c.value += 1",O(1)
"def toggle_light(l):
    l.is_on = not l.is_on",O(1)
"def get_balance(a):
    return a.balance",O(1)
"def reset(c):
    c.value = 0",O(1)
"def is_even(n):
    return n % 2 == 0",O(1)
"def swap(a, b):
    return b, a",O(1)
"def update_cache(c, k, v):
    c[k] = v",O(1)
"def get_env(e, v):
    return e.get(v)",O(1)
"def set_bit(n, p):
    return n | (1 << p)",O(1)
"def clear_bit(n, p):
    return n & ~(1 << p)",O(1)
"def is_empty(lst):
    return len(lst) == 0",O(1)
"def linked_list_head(ll):
    return ll.head.data",O(1)
"def generate_id():
    return uuid.uuid4().hex",O(1)
"def is_true(f):
    return f is True",O(1)
"def set_default(d, k, v):
    d.setdefault(k, v)",O(1)
"def list_length(lst):
    return len(lst)",O(1)
"def delete_key(d, k):
    del d[k]",O(1)
"def return_100():
    return 100",O(1)
"def add(a, b):
    return a + b",O(1)
"def subtract(a, b):
    return a - b",O(1)
"def multiply(a, b):
    return a * b",O(1)
"def divide(a, b):
    return a / b",O(1)
"def modulo(a, b):
    return a % b",O(1)
"def square(n):
    return n ** 2",O(1)
"def cube(n):
    return n ** 3",O(1)
"def left_shift(n, p):
    return n << p",O(1)
"def right_shift(n, p):
    return n >> p",O(1)
"def bitwise_and(a, b):
    return a & b",O(1)
"def bitwise_or(a, b):
    return a | b",O(1)
"def bitwise_xor(a, b):
    return a ^ b",O(1)
"def bitwise_not(n):
    return ~n",O(1)
"def check_bit(n, p):
    return (n >> p) & 1",O(1)
"def deque_append_left(dq, x):
    dq.appendleft(x)",O(1)
"def deque_pop_left(dq):
    return dq.popleft()",O(1)
"def get_stack_top(s):
    return s[-1]",O(1)
"def set_clear(s):
    s.clear()",O(1)
"def dict_keys(d):
    return d.keys()",O(1)
"def dict_values(d):
    return d.values()",O(1)
"def dict_items(d):
    return d.items()",O(1)
"def dict_contains(d, k):
    return k in d",O(1)
"def dict_popitem(d):
    return d.popitem()",O(1)
"def setattr_obj(obj, attr, val):
    setattr(obj, attr, val)",O(1)
"def getattr_obj(obj, attr):
    return getattr(obj, attr)",O(1)
"def delattr_obj(obj, attr):
    delattr(obj, attr)",O(1)
"def is_instance(obj, cls):
    return isinstance(obj, cls)",O(1)
"def is_subclass(cls, parent):
    return issubclass(cls, parent)",O(1)
"def identity(a, b):
    return a is b",O(1)
"def is_none(x):
    return x is None",O(1)
"def bool_check(x):
    return bool(x)",O(1)
"def string_first(s):
    return s[0]",O(1)
"def string_last(s):
    return s[-1]",O(1)
"def string_len(s):
    return len(s)",O(1)
"def list_append(lst, x):
    lst.append(x)",O(1)
"def list_clear(lst):
    lst.clear()",O(1)
"def tuple_unpack(t):
    a, b = t",O(1)
"def create_tuple(a, b):
    return (a, b)",O(1)
"def create_list(a):
    return [a]",O(1)
"def create_dict(k, v):
    return {k: v}",O(1)
"def create_set(x):
    return {x}",O(1)
"def none_func():
    return None",O(1)
"def check_type(x, t):
    return type(x) is t",O(1)
"def max_int():
    return sys.maxsize",O(1)
"def min_int():
    return -sys.maxsize - 1",O(1)
"def check_positive(n):
    return n > 0",O(1)
"def check_negative(n):
    return n < 0",O(1)
"def absolute(n):
    return abs(n)",O(1)
"def invert_bool(b):
    return not b",O(1)
"def check_empty_str(s):
    return s == ''",O(1)
"def check_str_length(s, l):
    return len(s) == l",O(1)
"def dict_size(d):
    return len(d)",O(1)
"def set_size(s):
    return len(s)",O(1)
"def deque_append(dq, x):
    dq.append(x)",O(1)
"def deque_pop(dq):
    return dq.pop()",O(1)
"def deque_len(dq):
    return len(dq)",O(1)
"def is_dict_empty(d):
    return len(d) == 0",O(1)
"def is_set_empty(s):
    return len(s) == 0",O(1)
"def logical_and(a, b):
    return a and b",O(1)
"def logical_or(a, b):
    return a or b",O(1)
"def logical_not(a):
    return not a",O(1)
"def is_zero(n):
    return n == 0",O(1)
"def greater_than(a, b):
    return a > b",O(1)
"def is_positive(n):
    return n > 0",O(1)
"def is_negative(n):
    return n < 0",O(1)
"def is_non_negative(n):
    return n >= 0",O(1)
"def is_non_zero(n):
    return n != 0",O(1)
"def get_global():
    return GLOBAL_VAR",O(1)
"def set_global(x):
    global GLOBAL_VAR; GLOBAL_VAR = x",O(1)
"def identity_func(x):
    return x",O(1)
"def const_func():
    return 'constant'",O(1)
"def check_divisible(a, b):
    return a % b == 0",O(1)
"def mask_lower_byte(n):
    return n & 0xFF",O(1)
"def is_power_of_two(n):
    return (n & (n - 1)) == 0",O(1)
"def get_type(x):
    return type(x)",O(1)
"def lookup_default(d, k, default):
    return d[k] if k in d else default",O(1)
"def update_if_exists(d, k, v):
    if k in d: d[k] = v",O(1)
"def toggle_bit(n, p):
    return n ^ (1 << p)",O(1)
"def test_bit(n, p):
    return (n & (1 << p)) != 0",O(1)
"def sum_list(lst):
    return sum(lst)",O(n)
"def find_max(lst):
    return max(lst)",O(n)
"def linear_search(lst, target):
    return target in lst",O(n)
"def count_occurrences(lst, x):
    return lst.count(x)",O(n)
"def reverse_list(lst):
    return lst[::-1]",O(n)
"def copy_list(lst):
    return lst.copy()",O(n)
"def check_all_even(lst):
    return all(x % 2 == 0 for x in lst)",O(n)
"def has_negative(lst):
    return any(x < 0 for x in lst)",O(n)
"def product_list(lst):
    p = 1; [p := p * x for x in lst]; return p",O(n)
"def is_sorted(lst):
    return all(lst[i] <= lst[i+1] for i in range(len(lst)-1))",O(n)
"def remove_duplicates(lst):
    return list(dict.fromkeys(lst))",O(n)
"def cumulative_sum(lst):
    return [sum(lst[:i+1]) for i in range(len(lst))]",O(n)
"def average(lst):
    return sum(lst) / len(lst)",O(n)
"def square_elements(lst):
    return [x ** 2 for x in lst]",O(n)
"def increment_elements(lst):
    return [x + 1 for x in lst]",O(n)
"def ints_to_strings(lst):
    return list(map(str, lst))",O(n)
"def compare_lists(a, b):
    return a == b",O(n)
"def concat_lists(a, b):
    return a + b",O(n)
"def find_min_index(lst):
    return lst.index(min(lst))",O(n)
"def string_to_list(s):
    return list(s)",O(n)
"def count_vowels(s):
    return sum(1 for c in s if c in 'aeiouAEIOU')",O(n)
"def is_palindrome(s):
    return s == s[::-1]",O(n)
"def list_to_set(lst):
    return set(lst)",O(n)
"def list_to_dict(lst):
    return {i: x for i, x in enumerate(lst)}",O(n)
"def flatten(nested_lst):
    return [item for sublist in nested_lst for item in sublist]",O(n)
"def rotate_list(lst, k):
    return lst[k:] + lst[:k]",O(n)
"def dequeue(queue):
    return queue.pop(0) if queue else None",O(n)
"def insert_front(lst, x):
    lst.insert(0, x)",O(n)
"def deepcopy_list(lst):
    return [x.copy() for x in lst]",O(n)
"def sum_2d(matrix):
    return sum(num for row in matrix for num in row)",O(n)
"def max_2d(matrix):
    return max(max(row) for row in matrix)",O(n)
"def flatten_2d(matrix):
    return [num for row in matrix for num in row]",O(n)
"def file_line_count(file):
    return sum(1 for line in open(file))",O(n)
"def reverse_words(s):
    return ' '.join(word[::-1] for word in s.split())",O(n)
"def list_contains(lst, x):
    return x in lst",O(n)
"def ordered_remove_duplicates(lst):
    seen = set(); return [x for x in lst if not (x in seen or seen.add(x))]",O(n)
"def zip_lists(a, b):
    return list(zip(a, b))",O(n)
"def unzip_list(pairs):
    a, b = [], []; [a.append(x) or b.append(y) for x, y in pairs]; return a, b",O(n)
"def apply_func(lst, func):
    return [func(x) for x in lst]",O(n)
"def list_enumerate(lst):
    return list(enumerate(lst))",O(n)
"def all_condition(lst, cond):
    return all(cond(x) for x in lst)",O(n)
"def any_condition(lst, cond):
    return any(cond(x) for x in lst)",O(n)
"def find_first_cond(lst, cond):
    return next((x for x in lst if cond(x)), None)",O(n)
"def find_last_cond(lst, cond):
    return next((x for x in reversed(lst) if cond(x)), None)",O(n)
"def replace_in_list(lst, old, new):
    return [new if x == old else x for x in lst]",O(n)
"def count_true_values(lst):
    return sum(1 for x in lst if x)",O(n)
"def frequency_dict(lst):
    freq = {}; [freq.update({x: freq.get(x, 0) + 1}) for x in lst]; return freq",O(n)
"def list_difference(a, b):
    return [x for x in a if x not in b]",O(n)
"def dot_product(a, b):
    return sum(x * y for x, y in zip(a, b))",O(n)
"def euclidean_norm(vec):
    return sum(x ** 2 for x in vec) ** 0.5",O(n)
"def ascii_to_str(ascii_lst):
    return ''.join(chr(x) for x in ascii_lst)",O(n)
"def str_to_ascii(s):
    return [ord(c) for c in s]",O(n)
"def pad_list(lst, length):
    return lst + [0] * (length - len(lst))",O(n)
"def truncate_list(lst, length):
    return lst[:length]",O(n)
"def is_list_palindrome(lst):
    return lst == lst[::-1]",O(n)
"def shuffle_list(lst):
    import random; return random.sample(lst, len(lst))",O(n)
"def min_max(lst):
    return min(lst), max(lst)",O(n)
"def split_chars(s):
    return list(s)",O(n)
"def join_chars(chars):
    return ''.join(chars)",O(n)
"def count_char(s, c):
    return s.count(c)",O(n)
"def reverse_words_order(s):
    return ' '.join(s.split()[::-1])",O(n)
"def is_pangram(s):
    import string; return set(s.lower()) >= set(string.ascii_lowercase)",O(n)
"def remove_whitespace(s):
    return ''.join(s.split())",O(n)
"def to_lower(s):
    return s.lower()",O(n)
"def to_upper(s):
    return s.upper()",O(n)
"def strip_spaces(s):
    return s.strip()",O(n)
"def capitalize_words(s):
    return ' '.join(word.capitalize() for word in s.split())",O(n)
"def list_to_queue(lst):
    from queue import Queue; q = Queue(); [q.put(x) for x in lst]; return q",O(n)
"def queue_to_list(q):
    return list(q.queue)",O(n)
"def check_anagram(s1, s2):
    from collections import Counter; return Counter(s1) == Counter(s2)",O(n)
"def replace_substring(s, old, new):
    return s.replace(old, new)",O(n)
"def remove_all_occurrences(lst, x):
    return [y for y in lst if y != x]",O(n)
"def list_histogram(lst):
    return {x: lst.count(x) for x in set(lst)}",O(n)
"def mode(lst):
    from statistics import mode; return mode(lst)",O(n)
"def variance(lst):
    mean = sum(lst)/len(lst); return sum((x - mean)**2 for x in lst)/len(lst)",O(n)
"def has_unique_chars(s):
    return len(set(s)) == len(s)",O(n)
"def matrix_transpose(matrix):
    return list(zip(*matrix))",O(n)
"def list_median(lst):
    sorted_lst = sorted(lst); mid = len(lst) // 2; return sorted_lst[mid]",O(nlogn)
"def rotate_array(nums, k):
    k %= len(nums); nums[:] = nums[-k:] + nums[:-k]",O(n)
"def move_zeros(nums):
    zeros = nums.count(0); nums[:] = [x for x in nums if x != 0] + [0]*zeros",O(n)
"def find_disappeared_numbers(nums):
    return list(set(range(1, len(nums)+1)) - set(nums))",O(n)
"def validate_ip(ip):
    parts = ip.split('.'); return len(parts) == 4 and all(p.isdigit() and 0 <= int(p) <= 255 for p in parts)",O(n)
"def validate_email(email):
    import re; return re.match(r'^[\w\.-]+@[\w\.-]+\.\w+$', email) is not None",O(n)
"def bubble_sort(arr):
    # Standard Bubble Sort
    n = len(arr)
    for i in range(n):
        for j in range(0, n-i-1):
            if arr[j] > arr[j+1]:
                arr[j], arr[j+1] = arr[j+1], arr[j]
    return arr",O(n^2)
"def insertion_sort(arr):
    # Standard Insertion Sort
    for i in range(1, len(arr)):
        key = arr[i]
        j = i - 1
        while j >= 0 and key < arr[j]:
            arr[j+1] = arr[j]
            j -= 1
        arr[j+1] = key
    return arr",O(n^2)
"def selection_sort(arr):
    # Standard Selection Sort
    n = len(arr)
    for i in range(n):
        min_idx = i
        for j in range(i+1, n):
            if arr[j] < arr[min_idx]:
                min_idx = j
        arr[i], arr[min_idx] = arr[min_idx], arr[i]
    return arr",O(n^2)
"def has_duplicates(lst):
    # Check for duplicates using two nested loops
    for i in range(len(lst)):
        for j in range(i+1, len(lst)):
            if lst[i] == lst[j]:
                return True
    return False",O(n^2)
"def all_pairs(lst):
    # Return all possible ordered pairs
    pairs = []
    for i in range(len(lst)):
        for j in range(len(lst)):
            pairs.append((lst[i], lst[j]))
    return pairs",O(n^2)
"def count_common(a, b):
    # Count common elements between two lists
    count = 0
    for x in a:
        for y in b:
            if x == y:
                count += 1
    return count",O(n^2)
"def is_sublist_brute(a, b):
    # Brute force check if any element of 'a' is in 'b'
    for i in range(len(a)):
        for j in range(len(b)):
            if a[i] == b[j]:
                return True
    return False",O(n^2)
"def naive_string_match(txt, pat):
    # Naive substring search
    n, m = len(txt), len(pat)
    for i in range(n - m + 1):
        match = True
        for j in range(m):
            if txt[i+j] != pat[j]:
                match = False
                break
        if match:
            return i
    return -1",O(n^2)
"def find_pairs_sum_k(lst, k):
    # Find all pairs that sum up to k
    pairs = []
    n = len(lst)
    for i in range(n):
        for j in range(i+1, n):
            if lst[i] + lst[j] == k:
                pairs.append((lst[i], lst[j]))
    return pairs",O(n^2)
"def remove_duplicates_brute(lst):
    # Remove duplicates using nested loops
    result = []
    for i in lst:
        exists = False
        for j in result:
            if i == j:
                exists = True
                break
        if not exists:
            result.append(i)
    return result",O(n^2)
"def check_anagrams(a, b):
    # Check anagrams by comparing character counts (inefficiently)
    if len(a) != len(b):
        return False
    for ch in a:
        if a.count(ch) != b.count(ch):
            return False
    return True",O(n^2)
"def find_majority_naive(arr):
    # Find element that appears more than n/2 times
    n = len(arr)
    for i in range(n):
        count = 0
        for j in range(n):
            if arr[i] == arr[j]:
                count += 1
        if count > n//2:
            return arr[i]
    return None",O(n^2)
"def find_duplicates(lst):
    # Return list of duplicates found by comparing each pair
    duplicates = []
    n = len(lst)
    for i in range(n):
        for j in range(i+1, n):
            if lst[i] == lst[j] and lst[i] not in duplicates:
                duplicates.append(lst[i])
    return duplicates",O(n^2)
"def count_inversions(arr):
    # Count inversions in an array (brute-force)
    count = 0
    n = len(arr)
    for i in range(n):
        for j in range(i+1, n):
            if arr[i] > arr[j]:
                count += 1
    return count",O(n^2)
"def palindrome_pairs(words):
    # Find index pairs where the concatenation yields a palindrome
    res = []
    n = len(words)
    for i in range(n):
        for j in range(n):
            if i != j and (words[i] + words[j] == (words[i] + words[j])[::-1]):
                res.append((i, j))
    return res",O(n^2)
"def naive_transpose(matrix):
    # Transpose a matrix (assuming rectangular, square = O(n^2))
    rows, cols = len(matrix), len(matrix[0])
    result = [[0]*rows for _ in range(cols)]
    for i in range(rows):
        for j in range(cols):
            result[j][i] = matrix[i][j]
    return result",O(n^2)
"def naive_histogram(lst):
    # Build histogram by counting for each element
    hist = {}
    n = len(lst)
    for i in range(n):
        count = 0
        for j in range(n):
            if lst[i] == lst[j]:
                count += 1
        hist[lst[i]] = count
    return hist",O(n^2)
"def naive_intersection(a, b):
    # Compute intersection via nested loops
    result = []
    for x in a:
        for y in b:
            if x == y and x not in result:
                result.append(x)
    return result",O(n^2)
"def naive_union(a, b):
    # Compute union using nested loop membership checks
    result = list(a)
    for x in b:
        exists = False
        for y in result:
            if x == y:
                exists = True
                break
        if not exists:
            result.append(x)
    return result",O(n^2)
"def find_unique_pairs(lst):
    # List all unique unordered pairs
    result = []
    n = len(lst)
    for i in range(n):
        for j in range(i+1, n):
            result.append((lst[i], lst[j]))
    return result",O(n^2)
"def naive_rotation_check(a, b):
    # Check if b is a rotation of a
    if len(a) != len(b):
        return False
    n = len(a)
    for i in range(n):
        if a[i:] + a[:i] == b:
            return True
    return False",O(n^2)
"def naive_2d_search(matrix, target):
    # Search for a target in a 2D matrix
    for row in matrix:
        for val in row:
            if val == target:
                return True
    return False",O(n^2)
"def naive_most_frequent(lst):
    # Find most frequent element using nested loops
    max_count = 0
    result = None
    n = len(lst)
    for i in range(n):
        count = 0
        for j in range(n):
            if lst[i] == lst[j]:
                count += 1
        if count > max_count:
            max_count = count
            result = lst[i]
    return result",O(n^2)
"def naive_distinct_pairs(lst):
    # Collect distinct pairs using set to avoid duplicates
    result = set()
    n = len(lst)
    for i in range(n):
        for j in range(i+1, n):
            result.add((lst[i], lst[j]))
    return list(result)",O(n^2)
"def naive_reverse_pairs(lst):
    # Return pairs (i, j) where lst[i] > lst[j]
    result = []
    n = len(lst)
    for i in range(n):
        for j in range(i+1, n):
            if lst[i] > lst[j]:
                result.append((lst[i], lst[j]))
    return result",O(n^2)
"def naive_sort_check(lst):
    # Verify if the list is sorted (comparing every pair)
    n = len(lst)
    for i in range(n):
        for j in range(i+1, n):
            if lst[i] > lst[j]:
                return False
    return True",O(n^2)
"def naive_is_subset(a, b):
    # Check if every element in a is in b using nested loops
    for x in a:
        found = False
        for y in b:
            if x == y:
                found = True
                break
        if not found:
            return False
    return True",O(n^2)
"def naive_matrix_equal(A, B):
    # Compare two matrices elementwise
    rows = len(A)
    cols = len(A[0])
    for i in range(rows):
        for j in range(cols):
            if A[i][j] != B[i][j]:
                return False
    return True",O(n^2)
"def naive_find_mode(lst):
    # Find the mode by counting occurrences for each element
    mode = None
    max_count = 0
    n = len(lst)
    for i in range(n):
        count = lst.count(lst[i])
        if count > max_count:
            max_count = count
            mode = lst[i]
    return mode",O(n^2)
"def naive_count_pairs_divisible_by_k(lst, k):
    # Count pairs whose sum is divisible by k
    count = 0
    n = len(lst)
    for i in range(n):
        for j in range(i+1, n):
            if (lst[i] + lst[j]) % k == 0:
                count += 1
    return count",O(n^2)
"def naive_longest_substring_no_repeat(s):
    # Find longest substring without repeating characters by checking each starting index
    max_len = 0
    n = len(s)
    for i in range(n):
        seen = set()
        for j in range(i, n):
            if s[j] in seen:
                break
            seen.add(s[j])
        max_len = max(max_len, len(seen))
    return max_len",O(n^2)
"def naive_lcs_length(a, b):
    # Longest common subsequence length using dynamic programming (DP table fills in O(n*m))
    n, m = len(a), len(b)
    dp = [[0]*(m+1) for _ in range(n+1)]
    for i in range(1, n+1):
        for j in range(1, m+1):
            if a[i-1] == b[j-1]:
                dp[i][j] = dp[i-1][j-1] + 1
            else:
                dp[i][j] = max(dp[i-1][j], dp[i][j-1])
    return dp[n][m]",O(n^2)
"def naive_cartesian_product(a, b):
    # Compute Cartesian product of two lists
    result = []
    for i in a:
        for j in b:
            result.append((i, j))
    return result",O(n^2)
"def naive_symmetric_matrix(matrix):
    # Check if a square matrix is symmetric
    n = len(matrix)
    for i in range(n):
        for j in range(n):
            if matrix[i][j] != matrix[j][i]:
                return False
    return True",O(n^2)
"def naive_upper_triangular(matrix):
    # Check if a matrix is upper triangular
    n = len(matrix)
    for i in range(1, n):
        for j in range(i):
            if matrix[i][j] != 0:
                return False
    return True",O(n^2)
"def naive_lower_triangular(matrix):
    # Check if a matrix is lower triangular
    n = len(matrix)
    for i in range(n):
        for j in range(i+1, n):
            if matrix[i][j] != 0:
                return False
    return True",O(n^2)
"def naive_identity_matrix(matrix):
    # Verify if a matrix is an identity matrix
    n = len(matrix)
    for i in range(n):
        for j in range(n):
            if i == j and matrix[i][j] != 1:
                return False
            elif i != j and matrix[i][j] != 0:
                return False
    return True",O(n^2)
"def naive_diagonal_matrix(matrix):
    # Check if non-diagonal elements are zero
    n = len(matrix)
    for i in range(n):
        for j in range(n):
            if i != j and matrix[i][j] != 0:
                return False
    return True",O(n^2)
"def naive_scalar_matrix(matrix):
    # Check if a matrix is a scalar matrix (all diagonal elements equal and others 0)
    n = len(matrix)
    scalar = matrix[0][0]
    for i in range(n):
        for j in range(n):
            if i == j and matrix[i][j] != scalar:
                return False
            elif i != j and matrix[i][j] != 0:
                return False
    return True",O(n^2)
"def naive_symmetric_difference(a, b):
    # Compute symmetric difference using nested loops
    result = []
    for item in a:
        found = False
        for other in b:
            if item == other:
                found = True
                break
        if not found:
            result.append(item)
    for item in b:
        found = False
        for other in a:
            if item == other:
                found = True
                break
        if not found:
            result.append(item)
    return result",O(n^2)
"def naive_matrix_scalar_multiplication(matrix, scalar):
    # Multiply each element of a matrix by a scalar
    result = []
    for row in matrix:
        new_row = []
        for item in row:
            new_row.append(item * scalar)
        result.append(new_row)
    return result",O(n^2)
"def naive_matrix_elementwise_multiplication(A, B):
    # Element-wise multiplication of two matrices
    result = []
    rows = len(A)
    cols = len(A[0])
    for i in range(rows):
        row = []
        for j in range(cols):
            row.append(A[i][j] * B[i][j])
        result.append(row)
    return result",O(n^2)
"def naive_matrix_elementwise_division(A, B):
    # Element-wise division of two matrices (with zero-check)
    result = []
    rows = len(A)
    cols = len(A[0])
    for i in range(rows):
        row = []
        for j in range(cols):
            row.append(A[i][j] / B[i][j] if B[i][j] != 0 else None)
        result.append(row)
    return result",O(n^2)
"def naive_matrix_elementwise_modulo(A, B):
    # Element-wise modulo of two matrices (with zero-check)
    result = []
    rows = len(A)
    cols = len(A[0])
    for i in range(rows):
        row = []
        for j in range(cols):
            row.append(A[i][j] % B[i][j] if B[i][j] != 0 else None)
        result.append(row)
    return result",O(n^2)
"def naive_matrix_elementwise_power(A, B):
    # Raise each element of A to the power of the corresponding element in B
    result = []
    rows = len(A)
    cols = len(A[0])
    for i in range(rows):
        row = []
        for j in range(cols):
            row.append(A[i][j] ** B[i][j])
        result.append(row)
    return result",O(n^2)
"def naive_matrix_elementwise_max(A, B):
    # Element-wise maximum of two matrices
    result = []
    rows = len(A)
    cols = len(A[0])
    for i in range(rows):
        row = []
        for j in range(cols):
            row.append(max(A[i][j], B[i][j]))
        result.append(row)
    return result",O(n^2)
"def naive_matrix_elementwise_min(A, B):
    # Element-wise minimum of two matrices
    result = []
    rows = len(A)
    cols = len(A[0])
    for i in range(rows):
        row = []
        for j in range(cols):
            row.append(min(A[i][j], B[i][j]))
        result.append(row)
    return result",O(n^2)
"def edit_distance_dp(s1, s2):
    # Dynamic programming solution for edit distance
    n, m = len(s1), len(s2)
    dp = [[0]*(m+1) for _ in range(n+1)]
    for i in range(n+1):
        dp[i][0] = i
    for j in range(m+1):
        dp[0][j] = j
    for i in range(1, n+1):
        for j in range(1, m+1):
            if s1[i-1] == s2[j-1]:
                dp[i][j] = dp[i-1][j-1]
            else:
                dp[i][j] = 1 + min(dp[i-1][j], dp[i][j-1], dp[i-1][j-1])
    return dp[n][m]",O(n^2)
"def count_subarrays_with_sum(arr, target):
    # Count subarrays that sum to a target (brute force)
    count = 0
    n = len(arr)
    for i in range(n):
        total = 0
        for j in range(i, n):
            total += arr[j]
            if total == target:
                count += 1
    return count",O(n^2)
"def find_max_pair_sum(arr):
    # Find the maximum sum of any pair of distinct elements
    max_sum = float('-inf')
    n = len(arr)
    for i in range(n):
        for j in range(i+1, n):
            if arr[i] + arr[j] > max_sum:
                max_sum = arr[i] + arr[j]
    return max_sum",O(n^2)
"def count_equal_pairs(lst):
    # Count pairs of indices with equal values
    count = 0
    n = len(lst)
    for i in range(n):
        for j in range(i+1, n):
            if lst[i] == lst[j]:
                count += 1
    return count",O(n^2)
"def count_string_pairs(s):
    # Count pairs of identical characters in a string
    count = 0
    n = len(s)
    for i in range(n):
        for j in range(i+1, n):
            if s[i] == s[j]:
                count += 1
    return count",O(n^2)
"def quadratic_distance(points):
    # Compute all pairwise Euclidean distances for 2D points
    distances = []
    n = len(points)
    for i in range(n):
        for j in range(i+1, n):
            x1, y1 = points[i]
            x2, y2 = points[j]
            dist = ((x1-x2)**2 + (y1-y2)**2)**0.5
            distances.append(dist)
    return distances",O(n^2)
"def find_closest_pair_brute(points):
    # Brute force closest pair in 2D
    min_dist = float('inf')
    pair = None
    n = len(points)
    for i in range(n):
        for j in range(i+1, n):
            x1, y1 = points[i]
            x2, y2 = points[j]
            dist = ((x1-x2)**2 + (y1-y2)**2)**0.5
            if dist < min_dist:
                min_dist = dist
                pair = (points[i], points[j])
    return pair",O(n^2)
"def quadratic_pairwise_products(arr):
    # Compute the sum of products of every distinct pair
    total = 0
    n = len(arr)
    for i in range(n):
        for j in range(i+1, n):
            total += arr[i] * arr[j]
    return total",O(n^2)
"def check_magic_square(matrix):
    # Verify if a square matrix is magic (all rows, columns, and diagonals have equal sum)
    n = len(matrix)
    s = sum(matrix[0])
    # Check rows
    for row in matrix:
        if sum(row) != s:
            return False
    # Check columns
    for j in range(n):
        col_sum = 0
        for i in range(n):
            col_sum += matrix[i][j]
        if col_sum != s:
            return False
    # Check diagonals
    diag1 = diag2 = 0
    for i in range(n):
        diag1 += matrix[i][i]
        diag2 += matrix[i][n-i-1]
    if diag1 != s or diag2 != s:
        return False
    return True",O(n^2)
"def generate_all_subarrays(arr):
    # Generate all subarrays (there are O(n^2) of them)
    subarrays = []
    n = len(arr)
    for i in range(n):
        for j in range(i, n):
            subarrays.append(arr[i:j+1])
    return subarrays",O(n^2)
"def naive_max_subarray_sum(arr):
    # Brute force maximum subarray sum
    n = len(arr)
    max_sum = float('-inf')
    for i in range(n):
        current = 0
        for j in range(i, n):
            current += arr[j]
            max_sum = max(max_sum, current)
    return max_sum",O(n^2)
"def brute_force_pair_product_sum(arr):
    # Sum of product of every distinct pair
    total = 0
    n = len(arr)
    for i in range(n):
        for j in range(i+1, n):
            total += arr[i] * arr[j]
    return total",O(n^2)
"def quadratic_string_concatenation(lst):
    # Concatenate every possible pair of strings from list
    result = []
    n = len(lst)
    for i in range(n):
        for j in range(n):
            result.append(lst[i] + lst[j])
    return result",O(n^2)
"def count_letter_occurrences(s):
    # For each letter, count its occurrences by scanning the string repeatedly
    counts = {}
    for ch in s:
        cnt = 0
        for c in s:
            if ch == c:
                cnt += 1
        counts[ch] = cnt
    return counts",O(n^2)
"def naive_unique_concatenations(lst):
    # Form unique concatenations of each ordered pair of strings
    result = []
    n = len(lst)
    for i in range(n):
        for j in range(n):
            concat = lst[i] + lst[j]
            if concat not in result:
                result.append(concat)
    return result",O(n^2)
"def quadratic_closest_elements(lst):
    # For each element, find the closest (by absolute difference) among the others
    n = len(lst)
    closest = [None]*n
    for i in range(n):
        min_diff = float('inf')
        for j in range(n):
            if i != j:
                diff = abs(lst[i] - lst[j])
                if diff < min_diff:
                    min_diff = diff
                    closest[i] = lst[j]
    return closest",O(n^2)
"def brute_force_string_similarity(s1, s2):
    # Compute a similarity score by comparing every char of s1 with every char of s2
    score = 0
    for ch1 in s1:
        for ch2 in s2:
            if ch1 == ch2:
                score += 1
    return score",O(n^2)
"def quadratic_common_elements(a, b):
    # Find common elements by comparing each element of a with each of b
    common = []
    for x in a:
        for y in b:
            if x == y and x not in common:
                common.append(x)
    return common",O(n^2)
"import math

def gcd(a, b):
    while b:
        a, b = b, a % b
    return a

def pairwise_gcd(arr):
    # Compute GCD for every distinct pair
    result = []
    n = len(arr)
    for i in range(n):
        for j in range(i+1, n):
            result.append(gcd(arr[i], arr[j]))
    return result",O(n^2)
"def count_pattern_occurrences(text, pattern):
    # Count how many times pattern appears in text (brute force)
    count = 0
    n, m = len(text), len(pattern)
    for i in range(n - m + 1):
        match = True
        for j in range(m):
            if text[i+j] != pattern[j]:
                match = False
                break
        if match:
            count += 1
    return count",O(n^2)
"def count_less_than(lst, threshold):
    # For each element, count how many elements are less than the threshold
    counts = []
    n = len(lst)
    for i in range(n):
        cnt = 0
        for j in range(n):
            if lst[j] < threshold:
                cnt += 1
        counts.append(cnt)
    return counts",O(n^2)
"def min_diff_between_pairs(lst):
    # Find the minimum absolute difference between any two distinct elements
    n = len(lst)
    min_diff = float('inf')
    for i in range(n):
        for j in range(i+1, n):
            diff = abs(lst[i]-lst[j])
            if diff < min_diff:
                min_diff = diff
    return min_diff",O(n^2)
"def find_pair_with_diff(arr, diff_target):
    # Find any pair that has an absolute difference equal to diff_target
    n = len(arr)
    for i in range(n):
        for j in range(i+1, n):
            if abs(arr[i]-arr[j]) == diff_target:
                return (arr[i], arr[j])
    return None",O(n^2)
"def count_anagram_pairs(lst):
    # Given a list of strings, count how many unordered pairs are anagrams
    count = 0
    n = len(lst)
    for i in range(n):
        for j in range(i+1, n):
            if sorted(lst[i]) == sorted(lst[j]):
                count += 1
    return count",O(n^2)
"def pairwise_sum(arr):
    # Return a list of sums for every distinct pair
    result = []
    n = len(arr)
    for i in range(n):
        for j in range(i+1, n):
            result.append(arr[i] + arr[j])
    return result",O(n^2)
"def quadratic_string_match(s, sub):
    # Another variant of substring search using nested loops
    n, m = len(s), len(sub)
    for i in range(n-m+1):
        found = True
        for j in range(m):
            if s[i+j] != sub[j]:
                found = False
                break
        if found:
            return i
    return -1",O(n^2)
"def common_prefix_among_pairs(strings):
    # For every pair of strings, determine their common prefix
    prefixes = []
    n = len(strings)
    for i in range(n):
        for j in range(i+1, n):
            prefix = ''
            s1, s2 = strings[i], strings[j]
            for k in range(min(len(s1), len(s2))):
                if s1[k] == s2[k]:
                    prefix += s1[k]
                else:
                    break
            prefixes.append(prefix)
    return prefixes",O(n^2)
"def length_differences(lst):
    # Compute absolute differences between lengths of every pair of strings
    diffs = []
    n = len(lst)
    for i in range(n):
        for j in range(i+1, n):
            diffs.append(abs(len(lst[i]) - len(lst[j])))
    return diffs",O(n^2)
"def product_matrix(lst):
    # Form a matrix where element (i,j) is the product of lst[i] and lst[j]
    n = len(lst)
    result = []
    for i in range(n):
        row = []
        for j in range(n):
            row.append(lst[i] * lst[j])
        result.append(row)
    return result",O(n^2)
"def difference_matrix(lst):
    # Form a matrix of absolute differences for every pair of numbers in lst
    n = len(lst)
    result = []
    for i in range(n):
        row = []
        for j in range(n):
            row.append(abs(lst[i] - lst[j]))
        result.append(row)
    return result",O(n^2)
"def remove_substring_quadratic(s, sub):
    # Remove all occurrences of 'sub' from 's' using a nested search
    while sub in s:
        for i in range(len(s)-len(sub)+1):
            if s[i:i+len(sub)] == sub:
                s = s[:i] + s[i+len(sub):]
                break
    return s",O(n^2)
"def count_vowels_in_substrings(s):
    # For each substring of s, count vowels
    vowels = set('aeiouAEIOU')
    counts = []
    n = len(s)
    for i in range(n):
        for j in range(i, n):
            cnt = 0
            for ch in s[i:j+1]:
                if ch in vowels:
                    cnt += 1
            counts.append(cnt)
    return counts",O(n^2)
"def brute_force_hashes(s):
    # Compute a simple hash for every substring of s
    hashes = []
    n = len(s)
    for i in range(n):
        for j in range(i, n):
            h = 0
            for ch in s[i:j+1]:
                h = h*31 + ord(ch)
            hashes.append(h)
    return hashes",O(n^2)
"def count_palindromic_substrings(s):
    # Count substrings that are palindromes by checking each substring
    count = 0
    n = len(s)
    for i in range(n):
        for j in range(i, n):
            substr = s[i:j+1]
            if substr == substr[::-1]:
                count += 1
    return count",O(n^2)
"def adjacent_sum_matrix(matrix):
    # For each cell in a matrix, compute the sum of its adjacent cells (naively)
    rows, cols = len(matrix), len(matrix[0])
    result = [[0]*cols for _ in range(rows)]
    for i in range(rows):
        for j in range(cols):
            total = 0
            for di in [-1, 0, 1]:
                for dj in [-1, 0, 1]:
                    ni, nj = i+di, j+dj
                    if 0 <= ni < rows and 0 <= nj < cols and not (di==0 and dj==0):
                        total += matrix[ni][nj]
            result[i][j] = total
    return result",O(n^2)
"def diagonal_sum_check(matrix):
    # Check if all diagonals of a square matrix have equal sums (naively)
    n = len(matrix)
    main_diag = sum(matrix[i][i] for i in range(n))
    anti_diag = sum(matrix[i][n-i-1] for i in range(n))
    # Naively check every diagonal starting from first row
    for j in range(n):
        diag_sum = 0
        x, y = 0, j
        while x < n and y < n:
            diag_sum += matrix[x][y]
            x += 1
            y += 1
        if diag_sum != main_diag:
            return False
    return True",O(n^2)
"def count_grid_neighbors(grid):
    # For each cell in a 2D grid, count neighbors with a value of 1 (naively checking 8 directions)
    rows, cols = len(grid), len(grid[0])
    result = [[0]*cols for _ in range(rows)]
    for i in range(rows):
        for j in range(cols):
            count = 0
            for di in [-1, 0, 1]:
                for dj in [-1, 0, 1]:
                    if di == 0 and dj == 0:
                        continue
                    ni, nj = i+di, j+dj
                    if 0 <= ni < rows and 0 <= nj < cols and grid[ni][nj] == 1:
                        count += 1
            result[i][j] = count
    return result",O(n^2)
"def border_elements_sum(matrix):
    # Sum border elements of a matrix by scanning its indices twice
    rows, cols = len(matrix), len(matrix[0])
    total = 0
    for i in range(rows):
        for j in range(cols):
            if i==0 or j==0 or i==rows-1 or j==cols-1:
                total += matrix[i][j]
    return total",O(n^2)
"def frequency_difference(lst):
    # For every pair in lst, compute absolute difference of their frequencies (inefficiently)
    diffs = []
    n = len(lst)
    for i in range(n):
        for j in range(i+1, n):
            diff = abs(lst.count(lst[i]) - lst.count(lst[j]))
            diffs.append(diff)
    return diffs",O(n^2)
"def string_pairing(s):
    # Pair each character with every other and concatenate
    pairs = []
    n = len(s)
    for i in range(n):
        for j in range(n):
            pairs.append(s[i] + s[j])
    return pairs",O(n^2)
"def word_pairing(words):
    # Concatenate every pair of words
    pairs = []
    n = len(words)
    for i in range(n):
        for j in range(n):
            pairs.append(words[i] + ' ' + words[j])
    return pairs",O(n^2)
"def substring_aggregation(s):
    # Concatenate all substrings into a list
    aggr = []
    n = len(s)
    for i in range(n):
        for j in range(i, n):
            aggr.append(s[i:j+1])
    return aggr",O(n^2)
"def compare_arrays_elementwise(a, b):
    # Compare every pair of elements from two arrays
    count = 0
    for x in a:
        for y in b:
            if x == y:
                count += 1
    return count",O(n^2)
"def nested_loop_index_pairs(lst):
    # Return all index pairs from a list
    indices = []
    n = len(lst)
    for i in range(n):
        for j in range(n):
            indices.append((i, j))
    return indices",O(n^2)
"def max_difference(lst):
    # Find maximum difference between any two elements
    max_diff = float('-inf')
    n = len(lst)
    for i in range(n):
        for j in range(i+1, n):
            max_diff = max(max_diff, abs(lst[i]-lst[j]))
    return max_diff",O(n^2)
"def closest_sum_pair(lst, target):
    # Find the pair whose sum is closest to target
    best = None
    min_diff = float('inf')
    n = len(lst)
    for i in range(n):
        for j in range(i+1, n):
            s = lst[i] + lst[j]
            if abs(s - target) < min_diff:
                min_diff = abs(s - target)
                best = (lst[i], lst[j])
    return best",O(n^2)
"def bubble_sort_variant(arr):
    # A variant of bubble sort using double loop without early break
    n = len(arr)
    for i in range(n):
        for j in range(n-1):
            if arr[j] > arr[j+1]:
                arr[j], arr[j+1] = arr[j+1], arr[j]
    return arr",O(n^2)
"def insertion_sort_variant(arr):
    # Insertion sort implemented with explicit nested loops
    n = len(arr)
    for i in range(1, n):
        j = i
        while j > 0 and arr[j-1] > arr[j]:
            arr[j-1], arr[j] = arr[j], arr[j-1]
            j -= 1
    return arr",O(n^2)
"def selection_sort_variant(arr):
    # Selection sort variant with nested loop for min search
    n = len(arr)
    for i in range(n):
        min_idx = i
        for j in range(i+1, n):
            if arr[j] < arr[min_idx]:
                min_idx = j
        if i != min_idx:
            arr[i], arr[min_idx] = arr[min_idx], arr[i]
    return arr",O(n^2)
"def element_swap_quadratic(arr):
    # Swap every distinct pair of elements and return list of swapped copies
    results = []
    n = len(arr)
    for i in range(n):
        for j in range(i+1, n):
            new_arr = arr.copy()
            new_arr[i], new_arr[j] = new_arr[j], new_arr[i]
            results.append(new_arr)
    return results",O(n^2)
"def index_difference_max(arr):
    # Compute maximum difference between indices for which arr[i] != arr[j]
    max_diff = 0
    n = len(arr)
    for i in range(n):
        for j in range(i+1, n):
            if arr[i] != arr[j]:
                max_diff = max(max_diff, j - i)
    return max_diff",O(n^2)
"def binary_search_iterative(lst, target):
    low, high = 0, len(lst)-1
    while low <= high:
        mid = (low + high) // 2
        if lst[mid] == target:
            return mid
        elif lst[mid] < target:
            low = mid + 1
        else:
            high = mid - 1
    return -1",O(logn)
"def binary_search_recursive(lst, target, low=0, high=None):
    if high is None:
        high = len(lst)-1
    if low > high:
        return -1
    mid = (low + high) // 2
    if lst[mid] == target:
        return mid
    elif lst[mid] < target:
        return binary_search_recursive(lst, target, mid+1, high)
    else:
        return binary_search_recursive(lst, target, low, mid-1)",O(logn)
"def binary_search_leftmost(lst, target):
    low, high, result = 0, len(lst)-1, -1
    while low <= high:
        mid = (low + high) // 2
        if lst[mid] >= target:
            if lst[mid] == target:
                result = mid
            high = mid - 1
        else:
            low = mid + 1
    return result",O(logn)
"def binary_search_rightmost(lst, target):
    low, high, result = 0, len(lst)-1, -1
    while low <= high:
        mid = (low + high) // 2
        if lst[mid] <= target:
            if lst[mid] == target:
                result = mid
            low = mid + 1
        else:
            high = mid - 1
    return result",O(logn)
"def int_log2_iterative(n):
    count = 0
    while n > 1:
        n //= 2
        count += 1
    return count",O(logn)
"def int_log2_recursive(n):
    if n <= 1:
        return 0
    return 1 + int_log2_recursive(n // 2)",O(logn)
"def power_iterative(x, n):
    # Exponentiation by squaring (iterative)
    result = 1
    while n > 0:
        if n % 2 == 1:
            result *= x
        x *= x
        n //= 2
    return result",O(logn)
"def power_recursive(x, n):
    # Exponentiation by squaring (recursive)
    if n == 0:
        return 1
    elif n % 2 == 0:
        return power_recursive(x*x, n//2)
    else:
        return x * power_recursive(x*x, n//2)",O(logn)
"def sqrt_binary_search(x, epsilon=1e-6):
    if x < 0:
        return None
    low, high = 0, max(1, x)
    while high - low > epsilon:
        mid = (low + high) / 2
        if mid*mid < x:
            low = mid
        else:
            high = mid
    return (low + high) / 2",O(logn)
"def find_first_ge(lst, target):
    # Returns first index where element is >= target
    low, high, result = 0, len(lst)-1, -1
    while low <= high:
        mid = (low+high)//2
        if lst[mid] >= target:
            result = mid
            high = mid - 1
        else:
            low = mid + 1
    return result",O(logn)
"def find_last_le(lst, target):
    # Returns last index where element is <= target
    low, high, result = 0, len(lst)-1, -1
    while low <= high:
        mid = (low+high)//2
        if lst[mid] <= target:
            result = mid
            low = mid + 1
        else:
            high = mid - 1
    return result",O(logn)
"def floor_log2(n):
    # Another variant to compute floor(log2(n))
    res = 0
    while n > 1:
        n //= 2
        res += 1
    return res",O(logn)
"def binary_search_tuples(lst, key, target):
    # Searches a list of tuples by key (assumes lst sorted by tuple[key])
    low, high = 0, len(lst)-1
    while low <= high:
        mid = (low+high)//2
        if lst[mid][key] == target:
            return mid
        elif lst[mid][key] < target:
            low = mid + 1
        else:
            high = mid - 1
    return -1",O(logn)
"def binary_search_in_range(lst, target, low, high):
    # Binary search within indices low and high (inclusive)
    while low <= high:
        mid = (low+high)//2
        if lst[mid] == target:
            return mid
        elif lst[mid] < target:
            low = mid+1
        else:
            high = mid-1
    return -1",O(logn)
"def rotated_array_search(nums, target):
    # Search target in a rotated sorted array
    low, high = 0, len(nums)-1
    while low <= high:
        mid = (low+high)//2
        if nums[mid] == target:
            return mid
        if nums[low] <= nums[mid]:
            if nums[low] <= target < nums[mid]:
                high = mid - 1
            else:
                low = mid + 1
        else:
            if nums[mid] < target <= nums[high]:
                low = mid + 1
            else:
                high = mid - 1
    return -1",O(logn)
"def find_peak_element(lst):
    # Finds a peak element in a unimodal list
    low, high = 0, len(lst)-1
    while low < high:
        mid = (low+high)//2
        if lst[mid] < lst[mid+1]:
            low = mid + 1
        else:
            high = mid
    return low",O(logn)
"def binary_exponentiation_iterative(x, n):
    # Iterative binary exponentiation variant
    res = 1
    while n:
        if n & 1:
            res *= x
        x *= x
        n >>= 1
    return res",O(logn)
"def binary_exponentiation_recursive(x, n):
    # Recursive binary exponentiation variant
    if n == 0:
        return 1
    temp = binary_exponentiation_recursive(x, n//2)
    if n % 2 == 0:
        return temp * temp
    else:
        return x * temp * temp",O(logn)
"def bst_search(root, target):
    # Assumes BST nodes with 'value', 'left', 'right'
    current = root
    while current is not None:
        if current.value == target:
            return current
        elif current.value < target:
            current = current.right
        else:
            current = current.left
    return None",O(logn)
"def bst_insert_balanced(root, node):
    # Insert a node into a balanced BST (assumes balance maintained externally)
    if root is None:
        return node
    current = root
    while True:
        if node.value < current.value:
            if current.left is None:
                current.left = node
                break
            current = current.left
        else:
            if current.right is None:
                current.right = node
                break
            current = current.right
    return root",O(logn)
"def avl_tree_find(root, target):
    # Search in an AVL tree
    if root is None:
        return None
    if root.value == target:
        return root
    elif target < root.value:
        return avl_tree_find(root.left, target)
    else:
        return avl_tree_find(root.right, target)",O(logn)
"def find_closest_in_bst(root, target):
    # Finds the value in BST closest to target
    closest = root.value
    current = root
    while current:
        if abs(current.value - target) < abs(closest - target):
            closest = current.value
        if target < current.value:
            current = current.left
        else:
            current = current.right
    return closest",O(logn)
"def binary_search_custom_cmp(lst, target, cmp_func):
    # Binary search using a custom comparator cmp_func(a, b)
    low, high = 0, len(lst)-1
    while low <= high:
        mid = (low + high) // 2
        cmp_result = cmp_func(lst[mid], target)
        if cmp_result == 0:
            return mid
        elif cmp_result < 0:
            low = mid + 1
        else:
            high = mid - 1
    return -1",O(logn)
"def upper_bound_search(lst, target):
    # Returns the smallest index with element > target
    low, high, ans = 0, len(lst), len(lst)
    while low < high:
        mid = (low + high) // 2
        if lst[mid] > target:
            ans = mid
            high = mid
        else:
            low = mid + 1
    return ans",O(logn)
"def lower_bound_search(lst, target):
    # Returns the smallest index with element >= target
    low, high, ans = 0, len(lst), len(lst)
    while low < high:
        mid = (low + high) // 2
        if lst[mid] >= target:
            ans = mid
            high = mid
        else:
            low = mid + 1
    return ans",O(logn)
"def descending_binary_search(lst, target):
    # Binary search on a descendingly sorted list
    low, high = 0, len(lst)-1
    while low <= high:
        mid = (low + high) // 2
        if lst[mid] == target:
            return mid
        elif lst[mid] > target:
            low = mid + 1
        else:
            high = mid - 1
    return -1",O(logn)
"def approximate_log2_recursive(n):
    # Recursively compute approximate floor(log2(n))
    return 0 if n < 2 else 1 + approximate_log2_recursive(n//2)",O(logn)
"def log_base_b(n, b):
    # Compute floor(log_b(n)) for b > 1
    count = 0
    while n >= b:
        n //= b
        count += 1
    return count",O(logn)
"def find_floor_sqrt(x):
    # Find floor of sqrt(x) using binary search
    if x < 0:
        return None
    low, high = 0, x
    while low <= high:
        mid = (low+high)//2
        if mid*mid <= x < (mid+1)*(mid+1):
            return mid
        elif mid*mid > x:
            high = mid-1
        else:
            low = mid+1
    return low",O(logn)
"def find_ceil_sqrt(x):
    # Find ceiling of sqrt(x) using binary search
    if x < 0:
        return None
    low, high = 0, x
    while low <= high:
        mid = (low+high)//2
        if mid*mid < x <= (mid+1)*(mid+1):
            return mid+1
        elif mid*mid < x:
            low = mid+1
        else:
            high = mid-1
    return low",O(logn)
"def binary_search_strings(lst, target):
    # Binary search in a sorted list of strings
    low, high = 0, len(lst)-1
    while low <= high:
        mid = (low+high)//2
        if lst[mid] == target:
            return mid
        elif lst[mid] < target:
            low = mid+1
        else:
            high = mid-1
    return -1",O(logn)
"def binary_search_with_predicate(lst, predicate):
    # Find first index where predicate(element) is True using binary search
    low, high, ans = 0, len(lst)-1, -1
    while low <= high:
        mid = (low+high)//2
        if predicate(lst[mid]):
            ans = mid
            high = mid-1
        else:
            low = mid+1
    return ans",O(logn)
"def interval_binary_search(intervals, value):
    # Find interval (tuple) in sorted list whose start <= value <= end
    low, high = 0, len(intervals)-1
    while low <= high:
        mid = (low+high)//2
        start, end = intervals[mid]
        if start <= value <= end:
            return intervals[mid]
        elif value < start:
            high = mid-1
        else:
            low = mid+1
    return None",O(logn)
"def binary_search_sorted_keys(d, target):
    # Given a dict with sorted keys, perform binary search over its keys
    keys = sorted(d.keys())
    low, high = 0, len(keys)-1
    while low <= high:
        mid = (low+high)//2
        if keys[mid] == target:
            return d[keys[mid]]
        elif keys[mid] < target:
            low = mid+1
        else:
            high = mid-1
    return None",O(logn)
"def binary_search_bounds(lst, target):
    # Return (lower_bound, upper_bound) indices for target
    return (lower_bound_search(lst, target), upper_bound_search(lst, target))",O(logn)
"def binary_search_recursive_variant(lst, target, lo=0, hi=None):
    if hi is None:
        hi = len(lst)-1
    if lo > hi:
        return -1
    mid = (lo+hi)//2
    if lst[mid] == target:
        return mid
    elif lst[mid] < target:
        return binary_search_recursive_variant(lst, target, mid+1, hi)
    else:
        return binary_search_recursive_variant(lst, target, lo, mid-1)",O(logn)
"def binary_search_variant1(arr, x):
    lo, hi = 0, len(arr)-1
    while lo < hi:
        mid = lo + (hi-lo)//2
        if arr[mid] < x:
            lo = mid+1
        else:
            hi = mid
    return lo if arr[lo] == x else -1",O(logn)
"def binary_search_variant2(arr, x):
    lo, hi = 0, len(arr)
    while lo < hi:
        mid = (lo+hi)//2
        if arr[mid] <= x:
            lo = mid+1
        else:
            hi = mid
    return lo-1",O(logn)
"def binary_search_variant3(sorted_list, target):
    low, high = 0, len(sorted_list)-1
    while low <= high:
        mid = (low + high) >> 1
        if sorted_list[mid] == target:
            return mid
        elif sorted_list[mid] < target:
            low = mid + 1
        else:
            high = mid - 1
    return -1",O(logn)
"def binary_search_variant4(a, key):
    l, r = 0, len(a)-1
    while l <= r:
        m = (l+r)//2
        if a[m] == key:
            return m
        elif a[m] < key:
            l = m+1
        else:
            r = m-1
    return -1",O(logn)
"def binary_search_variant5(lst, t):
    i, j = 0, len(lst) - 1
    while i <= j:
        mid = (i + j) // 2
        if lst[mid] == t:
            return mid
        elif lst[mid] > t:
            j = mid - 1
        else:
            i = mid + 1
    return -1",O(logn)
"def binary_search_variant6(items, target):
    start, end = 0, len(items) - 1
    while start <= end:
        mid = (start + end) // 2
        if items[mid] == target:
            return mid
        elif items[mid] < target:
            start = mid + 1
        else:
            end = mid - 1
    return -1",O(logn)
"def binary_search_variant7(data, val):
    lo, hi = 0, len(data)-1
    while lo <= hi:
        mid = (lo+hi)//2
        if data[mid] < val:
            lo = mid+1
        elif data[mid] > val:
            hi = mid-1
        else:
            return mid
    return -1",O(logn)
"def binary_search_variant8(seq, target):
    low, high = 0, len(seq)-1
    while low <= high:
        mid = (low+high) // 2
        if seq[mid] == target:
            return mid
        elif seq[mid] < target:
            low = mid+1
        else:
            high = mid-1
    return -1",O(logn)
"def binary_search_variant9(seq, t):
    left, right = 0, len(seq)-1
    while left <= right:
        mid = (left+right)//2
        if seq[mid] == t:
            return mid
        elif seq[mid] < t:
            left = mid+1
        else:
            right = mid-1
    return -1",O(logn)
"def binary_search_variant10(a, target):
    low = 0
    high = len(a)-1
    while low <= high:
        mid = (low+high)//2
        if a[mid] == target:
            return mid
        elif a[mid] < target:
            low = mid + 1
        else:
            high = mid - 1
    return -1",O(logn)
"def log_steps_counter(n):
    # Count how many times you can divide n by 2
    count = 0
    while n > 0:
        n //= 2
        count += 1
    return count",O(logn)
"def log_search_example1(n):
    # Loop that halves n each iteration
    count = 0
    while n > 1:
        n = n // 2
        count += 1
    return count",O(logn)
"def log_search_example2(n):
    # Recursive division to count steps
    if n < 2:
        return 0
    return 1 + log_search_example2(n//2)",O(logn)
"def log_search_example3(n):
    # Using bit-shifting to count log2 steps
    count = 0
    while n:
        n >>= 1
        count += 1
    return count-1
",O(logn)
"def log_search_example4(n):
    # Simple while loop divide by 2
    steps = 0
    while n > 1:
        n //= 2
        steps += 1
    return steps",O(logn)
"def binary_partition_search(arr, target):
    # Partition search: find the position where target would be inserted
    low, high = 0, len(arr)
    while low < high:
        mid = (low+high)//2
        if arr[mid] < target:
            low = mid+1
        else:
            high = mid
    return low",O(logn)
"def binary_search_on_ids(ids, target_id):
    # Binary search over sorted list of IDs
    low, high = 0, len(ids)-1
    while low <= high:
        mid = (low+high)//2
        if ids[mid] == target_id:
            return mid
        elif ids[mid] < target_id:
            low = mid+1
        else:
            high = mid-1
    return -1",O(logn)
"def binary_search_on_timestamps(timestamps, target):
    # Given sorted timestamps, find target timestamp
    low, high = 0, len(timestamps)-1
    while low <= high:
        mid = (low+high)//2
        if timestamps[mid] == target:
            return mid
        elif timestamps[mid] < target:
            low = mid+1
        else:
            high = mid-1
    return -1",O(logn)
"def binary_search_on_scores(scores, target):
    # Binary search on sorted list of scores
    low, high = 0, len(scores)-1
    while low <= high:
        mid = (low+high)//2
        if scores[mid] == target:
            return mid
        elif scores[mid] < target:
            low = mid+1
        else:
            high = mid-1
    return -1",O(logn)
"def binary_search_custom_order(lst, target):
    # Binary search on a list sorted in custom order
    low, high = 0, len(lst)-1
    while low <= high:
        mid = (low+high)//2
        if lst[mid] == target:
            return mid
        # Assume custom order is implemented in a comparator
        if custom_compare(lst[mid], target) < 0:
            low = mid+1
        else:
            high = mid-1
    return -1

def custom_compare(a, b):
    return (a > b) - (a < b)",O(logn)
"def binary_search_integer_range(n, target):
    # Search for target in range 0 to n (simulate sorted range)
    low, high = 0, n-1
    while low <= high:
        mid = (low+high)//2
        if mid == target:
            return mid
        elif mid < target:
            low = mid+1
        else:
            high = mid-1
    return -1",O(logn)
"def binary_search_divide_and_conquer(lst, target):
    # Standard divide and conquer binary search
    low, high = 0, len(lst)-1
    while low <= high:
        mid = (low+high)//2
        if lst[mid] == target:
            return mid
        elif lst[mid] < target:
            low = mid+1
        else:
            high = mid-1
    return -1",O(logn)
"def iterative_log_reduction(n):
    # Iteratively reduces n by half until it becomes 0
    steps = 0
    while n:
        n //= 2
        steps += 1
    return steps",O(logn)
"def recursive_log_reduction(n):
    # Recursively reduce n by half
    if n == 0:
        return 0
    return 1 + recursive_log_reduction(n//2)",O(logn)
"def logarithmic_steps_counter(n):
    # Count steps to reduce n to 1
    count = 0
    while n > 1:
        n //= 2
        count += 1
    return count",O(logn)
"def find_nearest_power_of_two(n):
    # Find the smallest power of 2 greater than or equal to n
    power = 1
    while power < n:
        power *= 2
    return power",O(logn)
"def binary_search_position(arr, target):
    # Returns the insertion position of target in sorted arr
    lo, hi = 0, len(arr)
    while lo < hi:
        mid = (lo+hi)//2
        if arr[mid] < target:
            lo = mid+1
        else:
            hi = mid
    return lo",O(logn)
"def binary_search_index_finder(arr, target):
    # Find index of target using binary search
    low, high = 0, len(arr)-1
    while low <= high:
        mid = (low+high)//2
        if arr[mid] == target:
            return mid
        elif arr[mid] < target:
            low = mid+1
        else:
            high = mid-1
    return -1",O(logn)
"def sorted_array_binary_search(arr, target):
    # Simple binary search for sorted array
    low, high = 0, len(arr)-1
    while low <= high:
        mid = (low+high)//2
        if arr[mid] == target:
            return mid
        elif arr[mid] < target:
            low = mid+1
        else:
            high = mid-1
    return -1",O(logn)
"def bisect_left_manual(a, x):
    lo, hi = 0, len(a)
    while lo < hi:
        mid = (lo+hi)//2
        if a[mid] < x:
            lo = mid+1
        else:
            hi = mid
    return lo",O(logn)
"def bisect_right_manual(a, x):
    lo, hi = 0, len(a)
    while lo < hi:
        mid = (lo+hi)//2
        if x < a[mid]:
            hi = mid
        else:
            lo = mid+1
    return lo",O(logn)
"def binary_search_minimum(arr):
    # Find minimum element in a unimodal array
    low, high = 0, len(arr)-1
    while low < high:
        mid = (low+high)//2
        if arr[mid] > arr[high]:
            low = mid+1
        else:
            high = mid
    return arr[low]",O(logn)
"def binary_search_maximum(arr):
    # Find maximum element in a unimodal array
    low, high = 0, len(arr)-1
    while low < high:
        mid = (low+high+1)//2
        if arr[mid] < arr[low]:
            high = mid-1
        else:
            low = mid
    return arr[low]",O(logn)
"def binary_search_optimal(arr, target):
    # An optimal binary search returning index or -1
    lo, hi = 0, len(arr)-1
    while lo <= hi:
        mid = (lo+hi)//2
        if arr[mid] == target:
            return mid
        elif arr[mid] < target:
            lo = mid+1
        else:
            hi = mid-1
    return -1",O(logn)
"def binary_search_threshold(arr, threshold):
    # Return first index where element >= threshold
    lo, hi = 0, len(arr)-1
    ans = -1
    while lo <= hi:
        mid = (lo+hi)//2
        if arr[mid] >= threshold:
            ans = mid
            hi = mid-1
        else:
            lo = mid+1
    return ans",O(logn)
"def binary_search_median_index(arr):
    # For a sorted array, median index can be found in O(1), but we simulate binary search
    return (binary_search_iterative(arr, arr[len(arr)//2]))",O(logn)
"def binary_search_ratio(arr, target):
    # Search for target under a custom condition based on ratio
    lo, hi = 0, len(arr)-1
    while lo <= hi:
        mid = (lo+hi)//2
        if abs(arr[mid]-target) < 0.001:
            return mid
        elif arr[mid] < target:
            lo = mid+1
        else:
            hi = mid-1
    return -1",O(logn)
"def binary_exponentiation_modulo_iterative(x, n, mod):
    result = 1
    while n > 0:
        if n & 1:
            result = (result * x) % mod
        x = (x * x) % mod
        n //= 2
    return result",O(logn)
"def binary_exponentiation_modulo_recursive(x, n, mod):
    if n == 0:
        return 1
    temp = binary_exponentiation_modulo_recursive(x, n//2, mod)
    if n % 2 == 0:
        return (temp * temp) % mod
    else:
        return (x * temp * temp) % mod",O(logn)
"def binary_search_loop_counter(lst, target):
    # Returns index and count of iterations
    count = 0
    low, high = 0, len(lst)-1
    while low <= high:
        count += 1
        mid = (low+high)//2
        if lst[mid] == target:
            return mid, count
        elif lst[mid] < target:
            low = mid+1
        else:
            high = mid-1
    return -1, count",O(logn)
"def logarithmic_search_on_list(lst, target):
    # A simple binary search wrapper
    return binary_search_iterative(lst, target)",O(logn)
"def recursive_divide_solution(n):
    # Divide n by 2 recursively until condition met
    if n <= 1:
        return 1
    return recursive_divide_solution(n//2) + 1",O(logn)
"def recursive_find_log(n):
    # Returns number of divisions by 2 until n==0
    if n < 2:
        return 0
    return 1 + recursive_find_log(n//2)",O(logn)
"def binary_search_in_increasing_sequence(seq, target):
    # Assumes seq is strictly increasing
    low, high = 0, len(seq)-1
    while low <= high:
        mid = (low+high)//2
        if seq[mid] == target:
            return mid
        elif seq[mid] < target:
            low = mid+1
        else:
            high = mid-1
    return -1",O(logn)
"def binary_search_numeric(arr, target):
    low, high = 0, len(arr)-1
    while low <= high:
        mid = (low+high)//2
        if arr[mid] == target:
            return mid
        elif arr[mid] < target:
            low = mid+1
        else:
            high = mid-1
    return -1",O(logn)
"def binary_search_in_bounds_function(lst, target):
    # Similar to basic binary search but with explicit bounds passed
    return binary_search_in_range(lst, target, 0, len(lst)-1)",O(logn)
"def binary_search_fib_like(lst, target):
    # First double an index then binary search in that interval
    index = 1
    while index < len(lst) and lst[index] < target:
        index *= 2
    low = index//2
    high = min(index, len(lst)-1)
    while low <= high:
        mid = (low+high)//2
        if lst[mid] == target:
            return mid
        elif lst[mid] < target:
            low = mid+1
        else:
            high = mid-1
    return -1",O(logn)
"def binary_search_doubling(arr, target):
    # Doubling approach then binary search
    i = 1
    while i < len(arr) and arr[i] < target:
        i *= 2
    return binary_search_in_range(arr, target, i//2, min(i, len(arr)-1))",O(logn)
"def binary_search_adjusted(arr, target):
    low, high = 0, len(arr)-1
    while low <= high:
        mid = low + (high-low)//2
        if arr[mid] == target:
            return mid
        elif arr[mid] < target:
            low = mid + 1
        else:
            high = mid - 1
    return -1",O(logn)
"def binary_search_custom_condition(arr, condition):
    # Binary search for an element that satisfies a custom condition
    low, high = 0, len(arr)-1
    while low <= high:
        mid = (low+high)//2
        if condition(arr[mid]):
            return mid
        elif not condition(arr[mid]):
            low = mid+1
    return -1",O(logn)
"def binary_search_with_offset(arr, target, offset):
    # Binary search that applies an offset to mid comparisons
    low, high = 0, len(arr)-1
    while low <= high:
        mid = (low+high)//2 + offset
        if mid >= len(arr):
            high = mid - offset - 1
            continue
        if arr[mid] == target:
            return mid
        elif arr[mid] < target:
            low = mid - offset + 1
        else:
            high = mid - offset - 1
    return -1",O(logn)
"def binary_search_for_interval(intervals, value):
    # Find interval where value falls using binary search
    low, high = 0, len(intervals)-1
    while low <= high:
        mid = (low+high)//2
        if intervals[mid][0] <= value <= intervals[mid][1]:
            return intervals[mid]
        elif value < intervals[mid][0]:
            high = mid-1
        else:
            low = mid+1
    return None",O(logn)
"def binary_search_minimizer(f, low, high, tol=1e-6):
    # Binary search to find x in [low, high] where f(x) is minimized (assumes unimodal)
    while high - low > tol:
        m1 = low + (high-low)/3
        m2 = high - (high-low)/3
        if f(m1) < f(m2):
            high = m2
        else:
            low = m1
    return (low+high)/2",O(logn)
"def binary_search_maximizer(f, low, high, tol=1e-6):
    # Binary search to find x in [low, high] where f(x) is maximized (assumes unimodal)
    while high - low > tol:
        m1 = low + (high-low)/3
        m2 = high - (high-low)/3
        if f(m1) > f(m2):
            high = m2
        else:
            low = m1
    return (low+high)/2",O(logn)
"def binary_search_in_rotated(arr, target):
    # Another variant for rotated sorted array
    low, high = 0, len(arr)-1
    while low <= high:
        mid = (low+high)//2
        if arr[mid] == target:
            return mid
        if arr[low] <= arr[mid]:
            if arr[low] <= target < arr[mid]:
                high = mid-1
            else:
                low = mid+1
        else:
            if arr[mid] < target <= arr[high]:
                low = mid+1
            else:
                high = mid-1
    return -1",O(logn)
"def binary_search_circular(arr, target):
    # Binary search adapted for circularly sorted array
    low, high = 0, len(arr)-1
    while low <= high:
        mid = (low+high)//2
        if arr[mid] == target:
            return mid
        if arr[low] <= arr[mid]:
            if arr[low] <= target < arr[mid]:
                high = mid-1
            else:
                low = mid+1
        else:
            if arr[mid] < target <= arr[high]:
                low = mid+1
            else:
                high = mid-1
    return -1",O(logn)
"def binary_search_balanced(root, target):
    # Search in a balanced BST (assumes node has attributes val, left, right)
    current = root
    while current:
        if current.val == target:
            return current
        elif target < current.val:
            current = current.left
        else:
            current = current.right
    return None",O(logn)
"def binary_search_index_leftmost(a, x):
    lo, hi = 0, len(a)
    while lo < hi:
        mid = (lo+hi)//2
        if a[mid] < x:
            lo = mid+1
        else:
            hi = mid
    return lo",O(logn)
"def binary_search_index_rightmost(a, x):
    lo, hi = 0, len(a)
    while lo < hi:
        mid = (lo+hi)//2
        if a[mid] <= x:
            lo = mid+1
        else:
            hi = mid
    return lo-1",O(logn)
"def binary_search_logging(arr, target):
    # Binary search with debug logging
    low, high = 0, len(arr)-1
    while low <= high:
        mid = (low+high)//2
        # print('low:', low, 'high:', high, 'mid:', mid)
        if arr[mid] == target:
            return mid
        elif arr[mid] < target:
            low = mid+1
        else:
            high = mid-1
    return -1",O(logn)
"def binary_search_debug(arr, target):
    # Binary search that prints each step
    low, high = 0, len(arr)-1
    while low <= high:
        mid = (low+high)//2
        # Debug: print(low, mid, high)
        if arr[mid] == target:
            return mid
        elif arr[mid] < target:
            low = mid+1
        else:
            high = mid-1
    return -1",O(logn)
"def binary_search_with_counter(arr, target):
    # Binary search that returns (index, steps)
    steps = 0
    low, high = 0, len(arr)-1
    while low <= high:
        steps += 1
        mid = (low+high)//2
        if arr[mid] == target:
            return mid, steps
        elif arr[mid] < target:
            low = mid+1
        else:
            high = mid-1
    return -1, steps",O(logn)
"def binary_search_data(struct, target):
    # Binary search in a list contained within a data structure
    data = struct['data']
    low, high = 0, len(data)-1
    while low <= high:
        mid = (low+high)//2
        if data[mid] == target:
            return mid
        elif data[mid] < target:
            low = mid+1
        else:
            high = mid-1
    return -1",O(logn)
"def binary_search_extended(arr, target, eps=1e-9):
    # Extended binary search that allows approximate equality
    low, high = 0, len(arr)-1
    while low <= high:
        mid = (low+high)//2
        if abs(arr[mid]-target) < eps:
            return mid
        elif arr[mid] < target:
            low = mid+1
        else:
            high = mid-1
    return -1",O(logn)
"def merge_sort_variant1(arr):
    if len(arr) <= 1:
        return arr
    mid = len(arr) // 2
    left = merge_sort_variant1(arr[:mid])
    right = merge_sort_variant1(arr[mid:])
    return merge_variant1(left, right)

def merge_variant1(left, right):
    result = []
    i = j = 0
    while i < len(left) and j < len(right):
        if left[i] <= right[j]:
            result.append(left[i])
            i += 1
        else:
            result.append(right[j])
            j += 1
    result.extend(left[i:])
    result.extend(right[j:])
    return result",O(nlogn)
"def merge_sort_variant2(arr):
    if len(arr) < 2:
        return arr
    mid = len(arr) // 2
    left = merge_sort_variant2(arr[:mid])
    right = merge_sort_variant2(arr[mid:])
    return merge_variant2(left, right)

def merge_variant2(left, right):
    merged = []
    while left and right:
        if left[0] <= right[0]:
            merged.append(left.pop(0))
        else:
            merged.append(right.pop(0))
    return merged + left + right",O(nlogn)
"def merge_sort_variant3(arr):
    n = len(arr)
    if n <= 1:
        return arr
    mid = n // 2
    return merge_variant3(merge_sort_variant3(arr[:mid]), merge_sort_variant3(arr[mid:]))

def merge_variant3(left, right):
    i = j = 0
    merged = []
    while i < len(left) and j < len(right):
        if left[i] <= right[j]:
            merged.append(left[i])
            i += 1
        else:
            merged.append(right[j])
            j += 1
    return merged + left[i:] + right[j:]",O(nlogn)
"def merge_sort_variant4(arr):
    if len(arr) <= 1:
        return arr
    mid = len(arr)//2
    left = merge_sort_variant4(arr[:mid])
    right = merge_sort_variant4(arr[mid:])
    return merge_variant4(left, right)

def merge_variant4(left, right):
    result = []
    l = r = 0
    while l < len(left) and r < len(right):
        result.append(left[l]) if left[l] < right[r] else result.append(right[r])
        if left[l] < right[r]:
            l += 1
        else:
            r += 1
    return result + left[l:] + right[r:]",O(nlogn)
"def merge_sort_variant5(arr):
    if len(arr) <= 1:
        return arr
    mid = len(arr) >> 1
    left = merge_sort_variant5(arr[:mid])
    right = merge_sort_variant5(arr[mid:])
    return merge_variant5(left, right)

def merge_variant5(left, right):
    merged = []
    i, j = 0, 0
    while i < len(left) and j < len(right):
        if left[i] <= right[j]:
            merged.append(left[i]); i += 1
        else:
            merged.append(right[j]); j += 1
    return merged + left[i:] + right[j:]",O(nlogn)
"def merge_sort_variant6(arr):
    if len(arr) < 2:
        return arr
    mid = int(len(arr)/2)
    return merge_variant6(merge_sort_variant6(arr[:mid]), merge_sort_variant6(arr[mid:]))

def merge_variant6(left, right):
    result = []
    while left and right:
        result.append(left[0] if left[0] < right[0] else right[0])
        if left[0] < right[0]: left = left[1:]
        else: right = right[1:]
    return result + left + right",O(nlogn)
"def merge_sort_variant7(arr):
    if len(arr) <= 1:
        return arr
    mid = len(arr) // 2
    left = merge_sort_variant7(arr[:mid])
    right = merge_sort_variant7(arr[mid:])
    return merge_variant7(left, right)

def merge_variant7(left, right):
    res = []
    l = r = 0
    while l < len(left) and r < len(right):
        if left[l] <= right[r]:
            res.append(left[l]); l += 1
        else:
            res.append(right[r]); r += 1
    res.extend(left[l:])
    res.extend(right[r:])
    return res",O(nlogn)
"def merge_sort_variant8(arr):
    if len(arr) <= 1:
        return arr
    mid = len(arr) // 2
    left = merge_sort_variant8(arr[:mid])
    right = merge_sort_variant8(arr[mid:])
    return merge_variant8(left, right)

def merge_variant8(left, right):
    i, j = 0, 0
    merged = []
    while i < len(left) and j < len(right):
        if left[i] < right[j]:
            merged.append(left[i]); i += 1
        else:
            merged.append(right[j]); j += 1
    return merged + left[i:] + right[j:]",O(nlogn)
"def merge_sort_variant9(arr):
    if len(arr) <= 1:
        return arr
    mid = len(arr) // 2
    return merge_variant9(merge_sort_variant9(arr[:mid]), merge_sort_variant9(arr[mid:]))

def merge_variant9(left, right):
    result, i, j = [], 0, 0
    while i < len(left) and j < len(right):
        if left[i] <= right[j]:
            result.append(left[i]); i += 1
        else:
            result.append(right[j]); j += 1
    result += left[i:]
    result += right[j:]
    return result",O(nlogn)
"def merge_sort_variant10(arr):
    if len(arr) <= 1:
        return arr
    mid = len(arr)//2
    left = merge_sort_variant10(arr[:mid])
    right = merge_sort_variant10(arr[mid:])
    return merge_variant10(left, right)

def merge_variant10(left, right):
    out = []
    while left and right:
        if left[0] <= right[0]:
            out.append(left.pop(0))
        else:
            out.append(right.pop(0))
    out.extend(left or right)
    return out",O(nlogn)
"def merge_sort_variant11(arr):
    if len(arr) <= 1:
        return arr
    mid = len(arr)//2
    return merge_variant11(merge_sort_variant11(arr[:mid]), merge_sort_variant11(arr[mid:]))

def merge_variant11(left, right):
    result = []
    while left and right:
        if left[0] < right[0]:
            result.append(left.pop(0))
        else:
            result.append(right.pop(0))
    result.extend(left)
    result.extend(right)
    return result",O(nlogn)
"def merge_sort_variant12(arr):
    if len(arr) < 2:
        return arr
    mid = len(arr) // 2
    left = merge_sort_variant12(arr[:mid])
    right = merge_sort_variant12(arr[mid:])
    return merge_variant12(left, right)

def merge_variant12(left, right):
    i, j = 0, 0
    ret = []
    while i < len(left) and j < len(right):
        if left[i] <= right[j]:
            ret.append(left[i]); i += 1
        else:
            ret.append(right[j]); j += 1
    return ret + left[i:] + right[j:]",O(nlogn)
"def merge_sort_variant13(arr):
    if len(arr) <= 1:
        return arr
    mid = len(arr)//2
    l = merge_sort_variant13(arr[:mid])
    r = merge_sort_variant13(arr[mid:])
    return merge_variant13(l, r)

def merge_variant13(left, right):
    result = []
    while left and right:
        result.append((left[0], right[0])[left[0] > right[0]])
        if left[0] > right[0]:
            right.pop(0)
        else:
            left.pop(0)
    return result + left + right",O(nlogn)
"def merge_sort_variant14(arr):
    if len(arr) <= 1:
        return arr
    mid = len(arr) // 2
    left = merge_sort_variant14(arr[:mid])
    right = merge_sort_variant14(arr[mid:])
    return merge_variant14(left, right)

def merge_variant14(left, right):
    merged = []
    while left and right:
        if left[0] <= right[0]:
            merged.append(left[0]); left = left[1:]
        else:
            merged.append(right[0]); right = right[1:]
    return merged + left + right",O(nlogn)
"def merge_sort_variant15(arr):
    if len(arr) < 2:
        return arr
    mid = len(arr)//2
    return merge_variant15(merge_sort_variant15(arr[:mid]), merge_sort_variant15(arr[mid:]))

def merge_variant15(left, right):
    res = []
    while left and right:
        if left[0] <= right[0]:
            res.append(left.pop(0))
        else:
            res.append(right.pop(0))
    return res + left + right",O(nlogn)
"def merge_sort_variant16(arr):
    if len(arr) <= 1:
        return arr
    m = len(arr)//2
    return merge_variant16(merge_sort_variant16(arr[:m]), merge_sort_variant16(arr[m:]))

def merge_variant16(a, b):
    i = j = 0
    result = []
    while i < len(a) and j < len(b):
        if a[i] <= b[j]:
            result.append(a[i]); i += 1
        else:
            result.append(b[j]); j += 1
    result.extend(a[i:])
    result.extend(b[j:])
    return result",O(nlogn)
"def merge_sort_variant17(arr):
    if len(arr) < 2:
        return arr
    mid = len(arr)//2
    left = merge_sort_variant17(arr[:mid])
    right = merge_sort_variant17(arr[mid:])
    return merge_variant17(left, right)

def merge_variant17(left, right):
    out = []
    while left and right:
        out.append(left.pop(0)) if left[0] < right[0] else out.append(right.pop(0))
    return out + left + right",O(nlogn)
"def merge_sort_variant18(arr):
    if len(arr) <= 1:
        return arr
    mid = len(arr)//2
    return merge_variant18(merge_sort_variant18(arr[:mid]), merge_sort_variant18(arr[mid:]))

def merge_variant18(left, right):
    ret = []
    while left and right:
        if left[0] <= right[0]: ret.append(left.pop(0))
        else: ret.append(right.pop(0))
    return ret + left + right",O(nlogn)
"def merge_sort_variant19(arr):
    n = len(arr)
    if n <= 1:
        return arr
    mid = n // 2
    l = merge_sort_variant19(arr[:mid])
    r = merge_sort_variant19(arr[mid:])
    return merge_variant19(l, r)

def merge_variant19(l, r):
    result = []
    while l and r:
        if l[0] <= r[0]: result.append(l.pop(0))
        else: result.append(r.pop(0))
    result.extend(l or r)
    return result",O(nlogn)
"def merge_sort_variant20(arr):
    if len(arr) < 2:
        return arr
    mid = len(arr)//2
    left = merge_sort_variant20(arr[:mid])
    right = merge_sort_variant20(arr[mid:])
    return merge_variant20(left, right)

def merge_variant20(left, right):
    merged = []
    while left and right:
        if left[0] <= right[0]:
            merged.append(left[0]); left = left[1:]
        else:
            merged.append(right[0]); right = right[1:]
    return merged + left + right",O(nlogn)
"def merge_sort_variant21(arr):
    if len(arr) <= 1:
        return arr
    m = len(arr)//2
    return merge_variant21(merge_sort_variant21(arr[:m]), merge_sort_variant21(arr[m:]))

def merge_variant21(a, b):
    i, j = 0, 0
    out = []
    while i < len(a) and j < len(b):
        if a[i] <= b[j]: out.append(a[i]); i += 1
        else: out.append(b[j]); j += 1
    return out + a[i:] + b[j:]",O(nlogn)
"def merge_sort_variant22(arr):
    if len(arr) <= 1:
        return arr
    mid = len(arr)//2
    return merge_variant22(merge_sort_variant22(arr[:mid]), merge_sort_variant22(arr[mid:]))

def merge_variant22(a, b):
    ret = []
    i = j = 0
    while i < len(a) and j < len(b):
        if a[i] < b[j]: ret.append(a[i]); i += 1
        else: ret.append(b[j]); j += 1
    ret += a[i:]
    ret += b[j:]
    return ret",O(nlogn)
"def merge_sort_variant23(arr):
    if len(arr) <= 1:
        return arr
    mid = len(arr)//2
    left = merge_sort_variant23(arr[:mid])
    right = merge_sort_variant23(arr[mid:])
    return merge_variant23(left, right)

def merge_variant23(left, right):
    result = []
    while left and right:
        if left[0] <= right[0]:
            result.append(left.pop(0))
        else:
            result.append(right.pop(0))
    return result + left + right",O(nlogn)
"def merge_sort_variant24(arr):
    if len(arr) < 2:
        return arr
    mid = len(arr)//2
    return merge_variant24(merge_sort_variant24(arr[:mid]), merge_sort_variant24(arr[mid:]))

def merge_variant24(left, right):
    merged = []
    while left and right:
        if left[0] <= right[0]: merged.append(left.pop(0))
        else: merged.append(right.pop(0))
    return merged + left + right",O(nlogn)
"def merge_sort_variant25(arr):
    n = len(arr)
    if n <= 1: return arr
    mid = n//2
    L = merge_sort_variant25(arr[:mid])
    R = merge_sort_variant25(arr[mid:])
    return merge_variant25(L, R)

def merge_variant25(L, R):
    res = []
    while L and R:
        if L[0] <= R[0]: res.append(L.pop(0))
        else: res.append(R.pop(0))
    return res + L + R",O(nlogn)
"def merge_sort_variant26(arr):
    if len(arr) <= 1: return arr
    mid = len(arr)//2
    return merge_variant26(merge_sort_variant26(arr[:mid]), merge_sort_variant26(arr[mid:]))

def merge_variant26(a, b):
    i, j = 0, 0
    merged = []
    while i < len(a) and j < len(b):
        if a[i] <= b[j]: merged.append(a[i]); i += 1
        else: merged.append(b[j]); j += 1
    return merged + a[i:] + b[j:]",O(nlogn)
"def merge_sort_variant27(arr):
    if len(arr) <= 1: return arr
    mid = len(arr) // 2
    left = merge_sort_variant27(arr[:mid])
    right = merge_sort_variant27(arr[mid:])
    return merge_variant27(left, right)

def merge_variant27(left, right):
    out = []
    while left and right:
        if left[0] < right[0]: out.append(left.pop(0))
        else: out.append(right.pop(0))
    return out + left + right",O(nlogn)
"def merge_sort_variant28(arr):
    if len(arr) <= 1:
        return arr
    mid = len(arr)//2
    a = merge_sort_variant28(arr[:mid])
    b = merge_sort_variant28(arr[mid:])
    return merge_variant28(a, b)

def merge_variant28(a, b):
    result = []
    while a and b:
        result.append(a.pop(0)) if a[0] < b[0] else result.append(b.pop(0))
    return result + a + b",O(nlogn)
"def merge_sort_variant29(arr):
    if len(arr) < 2: return arr
    mid = len(arr)//2
    return merge_variant29(merge_sort_variant29(arr[:mid]), merge_sort_variant29(arr[mid:]))

def merge_variant29(a, b):
    res = []
    i, j = 0, 0
    while i < len(a) and j < len(b):
        if a[i] <= b[j]: res.append(a[i]); i += 1
        else: res.append(b[j]); j += 1
    res.extend(a[i:])
    res.extend(b[j:])
    return res",O(nlogn)
"def merge_sort_variant30(arr):
    if len(arr) <= 1: return arr
    m = len(arr)//2
    return merge_variant30(merge_sort_variant30(arr[:m]), merge_sort_variant30(arr[m:]))

def merge_variant30(a, b):
    out = []
    while a and b:
        if a[0] <= b[0]: out.append(a.pop(0))
        else: out.append(b.pop(0))
    return out + a + b",O(nlogn)
"def merge_sort_variant31(arr):
    if len(arr) <= 1:
        return arr
    mid = len(arr)//2
    left = merge_sort_variant31(arr[:mid])
    right = merge_sort_variant31(arr[mid:])
    return merge_variant31(left, right)

def merge_variant31(left, right):
    res = []
    while left and right:
        if left[0] < right[0]: res.append(left.pop(0))
        else: res.append(right.pop(0))
    return res + left + right",O(nlogn)
"def merge_sort_variant32(arr):
    if len(arr) < 2:
        return arr
    mid = len(arr) // 2
    return merge_variant32(merge_sort_variant32(arr[:mid]), merge_sort_variant32(arr[mid:]))

def merge_variant32(a, b):
    merged = []
    i = j = 0
    while i < len(a) and j < len(b):
        if a[i] <= b[j]: merged.append(a[i]); i += 1
        else: merged.append(b[j]); j += 1
    return merged + a[i:] + b[j:]",O(nlogn)
"def merge_sort_variant33(arr):
    if len(arr) <= 1:
        return arr
    m = len(arr)//2
    left = merge_sort_variant33(arr[:m])
    right = merge_sort_variant33(arr[m:])
    return merge_variant33(left, right)

def merge_variant33(l, r):
    res = []
    while l and r:
        if l[0] <= r[0]: res.append(l.pop(0))
        else: res.append(r.pop(0))
    return res + l + r",O(nlogn)
"def merge_sort_variant34(arr):
    if len(arr) <= 1: return arr
    mid = len(arr) // 2
    return merge_variant34(merge_sort_variant34(arr[:mid]), merge_sort_variant34(arr[mid:]))

def merge_variant34(a, b):
    out = []
    while a and b:
        if a[0] <= b[0]: out.append(a.pop(0))
        else: out.append(b.pop(0))
    return out + a + b",O(nlogn)
"def merge_sort_variant35(arr):
    if len(arr) <= 1: return arr
    mid = len(arr) // 2
    left = merge_sort_variant35(arr[:mid])
    right = merge_sort_variant35(arr[mid:])
    return merge_variant35(left, right)

def merge_variant35(left, right):
    result = []
    while left and right:
        if left[0] <= right[0]: result.append(left.pop(0))
        else: result.append(right.pop(0))
    result.extend(left)
    result.extend(right)
    return result",O(nlogn)
"def merge_sort_variant36(arr):
    if len(arr) < 2: return arr
    m = len(arr) // 2
    return merge_variant36(merge_sort_variant36(arr[:m]), merge_sort_variant36(arr[m:]))

def merge_variant36(a, b):
    i, j = 0, 0
    out = []
    while i < len(a) and j < len(b):
        if a[i] <= b[j]: out.append(a[i]); i += 1
        else: out.append(b[j]); j += 1
    return out + a[i:] + b[j:]",O(nlogn)
"def merge_sort_variant37(arr):
    if len(arr) <= 1: return arr
    mid = len(arr)//2
    return merge_variant37(merge_sort_variant37(arr[:mid]), merge_sort_variant37(arr[mid:]))

def merge_variant37(left, right):
    merged = []
    while left and right:
        if left[0] < right[0]: merged.append(left.pop(0))
        else: merged.append(right.pop(0))
    return merged + left + right",O(nlogn)
"def merge_sort_variant38(arr):
    if len(arr) <= 1: return arr
    mid = len(arr) // 2
    L = merge_sort_variant38(arr[:mid])
    R = merge_sort_variant38(arr[mid:])
    return merge_variant38(L, R)

def merge_variant38(L, R):
    result = []
    while L and R:
        if L[0] <= R[0]: result.append(L.pop(0))
        else: result.append(R.pop(0))
    return result + L + R",O(nlogn)
"def merge_sort_variant39(arr):
    if len(arr) <= 1: return arr
    mid = len(arr)//2
    return merge_variant39(merge_sort_variant39(arr[:mid]), merge_sort_variant39(arr[mid:]))

def merge_variant39(a, b):
    res = []
    while a and b:
        res.append(a[0] if a[0] <= b[0] else b[0])
        if a[0] <= b[0]: a.pop(0)
        else: b.pop(0)
    return res + a + b",O(nlogn)
"def merge_sort_variant40(arr):
    if len(arr) < 2: return arr
    m = len(arr)//2
    left = merge_sort_variant40(arr[:m])
    right = merge_sort_variant40(arr[m:])
    return merge_variant40(left, right)

def merge_variant40(left, right):
    out = []
    while left and right:
        if left[0] <= right[0]:
            out.append(left.pop(0))
        else:
            out.append(right.pop(0))
    return out + left + right",O(nlogn)
"def heapsort_variant1(arr):
    def heapify(a, n, i):
        largest = i
        l = 2*i + 1
        r = 2*i + 2
        if l < n and a[l] > a[largest]:
            largest = l
        if r < n and a[r] > a[largest]:
            largest = r
        if largest != i:
            a[i], a[largest] = a[largest], a[i]
            heapify(a, n, largest)
    n = len(arr)
    for i in range(n//2 - 1, -1, -1):
        heapify(arr, n, i)
    for i in range(n-1, 0, -1):
        arr[0], arr[i] = arr[i], arr[0]
        heapify(arr, i, 0)
    return arr",O(nlogn)
"def heapsort_variant2(arr):
    def siftdown(a, start, end):
        root = start
        while 2*root + 1 < end:
            child = 2*root + 1
            if child + 1 < end and a[child] < a[child+1]:
                child += 1
            if a[root] < a[child]:
                a[root], a[child] = a[child], a[root]
                root = child
            else:
                return
    n = len(arr)
    for start in range(n//2 - 1, -1, -1):
        siftdown(arr, start, n)
    for end in range(n-1, 0, -1):
        arr[0], arr[end] = arr[end], arr[0]
        siftdown(arr, 0, end)
    return arr",O(nlogn)
"def heapsort_variant3(arr):
    def build_heap(a):
        n = len(a)
        for i in range(n//2 - 1, -1, -1):
            sift(a, i, n)
    def sift(a, i, n):
        while 2*i + 1 < n:
            j = 2*i + 1
            if j + 1 < n and a[j] < a[j+1]:
                j += 1
            if a[i] < a[j]:
                a[i], a[j] = a[j], a[i]
                i = j
            else:
                break
    n = len(arr)
    build_heap(arr)
    for i in range(n-1, 0, -1):
        arr[0], arr[i] = arr[i], arr[0]
        sift(arr, 0, i)
    return arr",O(nlogn)
"def heapsort_variant4(arr):
    def heapify(a, i, size):
        largest = i
        left = 2*i + 1
        right = 2*i + 2
        if left < size and a[left] > a[largest]:
            largest = left
        if right < size and a[right] > a[largest]:
            largest = right
        if largest != i:
            a[i], a[largest] = a[largest], a[i]
            heapify(a, largest, size)
    n = len(arr)
    for i in range(n//2 - 1, -1, -1):
        heapify(arr, i, n)
    for i in range(n-1, 0, -1):
        arr[0], arr[i] = arr[i], arr[0]
        heapify(arr, 0, i)
    return arr",O(nlogn)
"def heapsort_variant5(arr):
    def siftdown(a, start, end):
        root = start
        while 2*root+1 < end:
            child = 2*root+1
            if child+1 < end and a[child] < a[child+1]:
                child += 1
            if a[root] < a[child]:
                a[root], a[child] = a[child], a[root]
                root = child
            else:
                break
    n = len(arr)
    for start in range(n//2 - 1, -1, -1):
        siftdown(arr, start, n)
    for end in range(n-1, 0, -1):
        arr[0], arr[end] = arr[end], arr[0]
        siftdown(arr, 0, end)
    return arr",O(nlogn)
"def heapsort_variant6(arr):
    def max_heapify(a, size, i):
        largest = i
        l = 2*i+1
        r = 2*i+2
        if l < size and a[l] > a[largest]: largest = l
        if r < size and a[r] > a[largest]: largest = r
        if largest != i:
            a[i], a[largest] = a[largest], a[i]
            max_heapify(a, size, largest)
    size = len(arr)
    for i in range(size//2 - 1, -1, -1):
        max_heapify(arr, size, i)
    for i in range(size-1, 0, -1):
        arr[0], arr[i] = arr[i], arr[0]
        max_heapify(arr, i, 0)
    return arr",O(nlogn)
"def heapsort_variant7(arr):
    def build_max_heap(a):
        n = len(a)
        for i in range(n//2-1, -1, -1):
            heapify(a, n, i)
    def heapify(a, n, i):
        largest = i
        l = 2*i+1
        r = 2*i+2
        if l < n and a[l] > a[largest]: largest = l
        if r < n and a[r] > a[largest]: largest = r
        if largest != i:
            a[i], a[largest] = a[largest], a[i]
            heapify(a, n, largest)
    n = len(arr)
    build_max_heap(arr)
    for i in range(n-1, 0, -1):
        arr[0], arr[i] = arr[i], arr[0]
        heapify(arr, i, 0)
    return arr",O(nlogn)
"def heapsort_variant8(arr):
    def sift_down(a, i, n):
        while 2*i + 1 < n:
            child = 2*i + 1
            if child + 1 < n and a[child] < a[child+1]:
                child += 1
            if a[i] < a[child]:
                a[i], a[child] = a[child], a[i]
                i = child
            else:
                break
    n = len(arr)
    for i in range(n//2-1, -1, -1):
        sift_down(arr, i, n)
    for i in range(n-1, 0, -1):
        arr[0], arr[i] = arr[i], arr[0]
        sift_down(arr, 0, i)
    return arr",O(nlogn)
"def heapsort_variant9(arr):
    def heapify(a, n, i):
        largest = i
        l = 2*i+1
        r = 2*i+2
        if l < n and a[l] > a[largest]: largest = l
        if r < n and a[r] > a[largest]: largest = r
        if largest != i:
            a[i], a[largest] = a[largest], a[i]
            heapify(a, n, largest)
    n = len(arr)
    for i in range((n//2)-1, -1, -1):
        heapify(arr, n, i)
    for i in range(n-1, 0, -1):
        arr[0], arr[i] = arr[i], arr[0]
        heapify(arr, i, 0)
    return arr",O(nlogn)
"def heapsort_variant10(arr):
    def siftdown(a, start, end):
        root = start
        while 2*root + 1 < end:
            child = 2*root + 1
            if child + 1 < end and a[child] < a[child + 1]:
                child += 1
            if a[root] < a[child]:
                a[root], a[child] = a[child], a[root]
                root = child
            else:
                break
    n = len(arr)
    for start in range(n//2 - 1, -1, -1):
        siftdown(arr, start, n)
    for end in range(n-1, 0, -1):
        arr[0], arr[end] = arr[end], arr[0]
        siftdown(arr, 0, end)
    return arr",O(nlogn)
"def heapsort_variant11(arr):
    def max_heap(a):
        n = len(a)
        for i in range(n//2-1, -1, -1):
            down_heap(a, i, n)
    def down_heap(a, i, n):
        largest = i
        left = 2*i+1
        right = 2*i+2
        if left < n and a[left] > a[largest]: largest = left
        if right < n and a[right] > a[largest]: largest = right
        if largest != i:
            a[i], a[largest] = a[largest], a[i]
            down_heap(a, largest, n)
    n = len(arr)
    max_heap(arr)
    for i in range(n-1, 0, -1):
        arr[0], arr[i] = arr[i], arr[0]
        down_heap(arr, 0, i)
    return arr",O(nlogn)
"def heapsort_variant12(arr):
    def heapify(a, n, i):
        largest = i
        l = 2*i+1
        r = 2*i+2
        if l < n and a[l] > a[largest]: largest = l
        if r < n and a[r] > a[largest]: largest = r
        if largest != i:
            a[i], a[largest] = a[largest], a[i]
            heapify(a, n, largest)
    n = len(arr)
    for i in reversed(range(n//2)):
        heapify(arr, n, i)
    for i in reversed(range(1, n)):
        arr[0], arr[i] = arr[i], arr[0]
        heapify(arr, i, 0)
    return arr",O(nlogn)
"def heapsort_variant13(arr):
    def siftdown(a, i, n):
        while 2*i+1 < n:
            j = 2*i+1
            if j+1 < n and a[j] < a[j+1]: j += 1
            if a[i] < a[j]:
                a[i], a[j] = a[j], a[i]
                i = j
            else:
                break
    n = len(arr)
    for i in range(n//2-1, -1, -1):
        siftdown(arr, i, n)
    for end in range(n-1, 0, -1):
        arr[0], arr[end] = arr[end], arr[0]
        siftdown(arr, 0, end)
    return arr",O(nlogn)
"def heapsort_variant14(arr):
    def build_heap(a):
        n = len(a)
        for i in range(n//2-1, -1, -1):
            shift_down(a, i, n)
    def shift_down(a, i, n):
        while 2*i+1 < n:
            j = 2*i+1
            if j+1 < n and a[j] < a[j+1]: j += 1
            if a[i] < a[j]:
                a[i], a[j] = a[j], a[i]
                i = j
            else:
                break
    n = len(arr)
    build_heap(arr)
    for i in range(n-1, 0, -1):
        arr[0], arr[i] = arr[i], arr[0]
        shift_down(arr, 0, i)
    return arr",O(nlogn)
"def heapsort_variant15(arr):
    def heapify(a, count):
        start = (count - 2) // 2
        while start >= 0:
            sift(a, start, count)
            start -= 1
    def sift(a, start, count):
        root = start
        while 2*root + 1 < count:
            child = 2*root + 1
            if child + 1 < count and a[child] < a[child+1]:
                child += 1
            if a[root] < a[child]:
                a[root], a[child] = a[child], a[root]
                root = child
            else:
                return
    n = len(arr)
    heapify(arr, n)
    end = n - 1
    while end > 0:
        arr[0], arr[end] = arr[end], arr[0]
        sift(arr, 0, end)
        end -= 1
    return arr",O(nlogn)
"def heapsort_variant16(arr):
    def build_max_heap(a):
        n = len(a)
        for i in range(n//2-1, -1, -1):
            max_heapify(a, n, i)
    def max_heapify(a, n, i):
        largest = i
        l = 2*i + 1
        r = 2*i + 2
        if l < n and a[l] > a[largest]: largest = l
        if r < n and a[r] > a[largest]: largest = r
        if largest != i:
            a[i], a[largest] = a[largest], a[i]
            max_heapify(a, n, largest)
    n = len(arr)
    build_max_heap(arr)
    for i in range(n-1, 0, -1):
        arr[0], arr[i] = arr[i], arr[0]
        max_heapify(arr, i, 0)
    return arr",O(nlogn)
"def heapsort_variant17(arr):
    def siftdown(a, start, end):
        root = start
        while 2*root + 1 < end:
            child = 2*root + 1
            if child + 1 < end and a[child] < a[child+1]: child += 1
            if a[root] < a[child]:
                a[root], a[child] = a[child], a[root]
                root = child
            else:
                break
    n = len(arr)
    for start in range((n - 2) // 2, -1, -1):
        siftdown(arr, start, n)
    for end in range(n-1, 0, -1):
        arr[0], arr[end] = arr[end], arr[0]
        siftdown(arr, 0, end)
    return arr",O(nlogn)
"def heapsort_variant18(arr):
    def heapify(a, n, i):
        largest = i
        left = 2*i + 1
        right = 2*i + 2
        if left < n and a[left] > a[largest]: largest = left
        if right < n and a[right] > a[largest]: largest = right
        if largest != i:
            a[i], a[largest] = a[largest], a[i]
            heapify(a, n, largest)
    n = len(arr)
    for i in range(n//2 - 1, -1, -1):
        heapify(arr, n, i)
    for i in range(n-1, 0, -1):
        arr[0], arr[i] = arr[i], arr[0]
        heapify(arr, i, 0)
    return arr",O(nlogn)
"def heapsort_variant19(arr):
    def siftdown(a, i, n):
        while 2*i+1 < n:
            j = 2*i+1
            if j+1<n and a[j] < a[j+1]: j+=1
            if a[i] < a[j]:
                a[i], a[j] = a[j], a[i]
                i=j
            else:
                break
    n = len(arr)
    for i in range(n//2-1, -1, -1):
        siftdown(arr, i, n)
    for i in range(n-1,0,-1):
        arr[0], arr[i] = arr[i], arr[0]
        siftdown(arr, 0, i)
    return arr",O(nlogn)
"def heapsort_variant20(arr):
    def build_heap(a):
        for i in range(len(a)//2 - 1, -1, -1):
            heapify(a, i, len(a))
    def heapify(a, i, n):
        largest = i
        left = 2*i+1
        right = 2*i+2
        if left < n and a[left] > a[largest]: largest = left
        if right < n and a[right] > a[largest]: largest = right
        if largest != i:
            a[i], a[largest] = a[largest], a[i]
            heapify(a, largest, n)
    build_heap(arr)
    for i in range(len(arr)-1, 0, -1):
        arr[0], arr[i] = arr[i], arr[0]
        heapify(arr, 0, i)
    return arr",O(nlogn)
"def timsort_wrapper1(arr):
    return sorted(arr)",O(nlogn)
"def timsort_wrapper2(arr):
    result = arr.copy()
    result.sort()
    return result",O(nlogn)
"def timsort_wrapper3(arr):
    return list(sorted(arr))",O(nlogn)
"def timsort_wrapper4(arr):
    return sorted(arr, reverse=False)",O(nlogn)
"def timsort_wrapper5(arr):
    a = arr[:]
    a.sort()
    return a",O(nlogn)
"def timsort_wrapper6(arr):
    return sorted(arr, key=lambda x: x)",O(nlogn)
"def timsort_wrapper7(arr):
    from copy import deepcopy
    a = deepcopy(arr)
    a.sort()
    return a",O(nlogn)
"def timsort_wrapper8(arr):
    a = list(arr)
    a.sort()
    return a",O(nlogn)
"def timsort_wrapper9(arr):
    return sorted(arr, cmp=lambda a,b: (a > b) - (a < b))",O(nlogn)
"def timsort_wrapper10(arr):
    a = arr.copy()
    a.sort()
    return a",O(nlogn)
"def inversion_count_merge_sort1(arr):
    def merge_count(left, right):
        i = j = count = 0
        merged = []
        while i < len(left) and j < len(right):
            if left[i] <= right[j]:
                merged.append(left[i]); i += 1
            else:
                merged.append(right[j]); j += 1
                count += len(left) - i
        return merged + left[i:] + right[j:], count
    if len(arr) <= 1:
        return arr, 0
    mid = len(arr)//2
    left, x = inversion_count_merge_sort1(arr[:mid])
    right, y = inversion_count_merge_sort1(arr[mid:])
    merged, z = merge_count(left, right)
    return merged, x + y + z",O(nlogn)
"def inversion_count_merge_sort2(arr):
    def merge_and_count(L, R):
        i = j = count = 0
        merged = []
        while i < len(L) and j < len(R):
            if L[i] <= R[j]:
                merged.append(L[i]); i += 1
            else:
                merged.append(R[j]); j += 1
                count += len(L) - i
        return merged + L[i:] + R[j:], count
    n = len(arr)
    if n <= 1:
        return arr, 0
    mid = n//2
    left, a = inversion_count_merge_sort2(arr[:mid])
    right, b = inversion_count_merge_sort2(arr[mid:])
    merged, c = merge_and_count(left, right)
    return merged, a + b + c",O(nlogn)
"def inversion_count_merge_sort3(arr):
    def merge_count_split_inv(left, right):
        i=j=inv=0
        merged = []
        while i < len(left) and j < len(right):
            if left[i] <= right[j]:
                merged.append(left[i]); i += 1
            else:
                merged.append(right[j]); j += 1
                inv += len(left)-i
        return merged+left[i:]+right[j:], inv
    if len(arr)<=1:
        return arr, 0
    mid = len(arr)//2
    L, invL = inversion_count_merge_sort3(arr[:mid])
    R, invR = inversion_count_merge_sort3(arr[mid:])
    merged, invSplit = merge_count_split_inv(L, R)
    return merged, invL+invR+invSplit",O(nlogn)
"def inversion_count_merge_sort4(arr):
    if len(arr)<=1:
        return arr, 0
    mid = len(arr)//2
    left, inv_left = inversion_count_merge_sort4(arr[:mid])
    right, inv_right = inversion_count_merge_sort4(arr[mid:])
    i=j=inv_count=0
    merged = []
    while i<len(left) and j<len(right):
        if left[i]<=right[j]:
            merged.append(left[i]); i+=1
        else:
            merged.append(right[j]); j+=1
            inv_count += len(left)-i
    merged += left[i:]+right[j:]
    return merged, inv_left+inv_right+inv_count",O(nlogn)
"def inversion_count_merge_sort5(arr):
    def merge(L, R):
        merged = []
        i = j = inv = 0
        while i < len(L) and j < len(R):
            if L[i] <= R[j]:
                merged.append(L[i])
                i += 1
            else:
                merged.append(R[j])
                j += 1
                inv += len(L) - i
        return merged + L[i:] + R[j:], inv
    if len(arr)<=1:
        return arr, 0
    mid = len(arr)//2
    L, invL = inversion_count_merge_sort5(arr[:mid])
    R, invR = inversion_count_merge_sort5(arr[mid:])
    M, invM = merge(L, R)
    return M, invL+invR+invM",O(nlogn)
"def inversion_count_merge_sort6(arr):
    if len(arr) < 2:
        return arr, 0
    mid = len(arr)//2
    L, invL = inversion_count_merge_sort6(arr[:mid])
    R, invR = inversion_count_merge_sort6(arr[mid:])
    i = j = inv = 0
    merged = []
    while i < len(L) and j < len(R):
        if L[i] <= R[j]:
            merged.append(L[i]); i += 1
        else:
            merged.append(R[j]); j += 1
            inv += len(L) - i
    merged += L[i:] + R[j:]
    return merged, invL+invR+inv",O(nlogn)
"def inversion_count_merge_sort7(arr):
    def merge_count(L, R):
        i = j = count = 0
        merged = []
        while i < len(L) and j < len(R):
            if L[i] <= R[j]:
                merged.append(L[i]); i += 1
            else:
                merged.append(R[j]); j += 1
                count += len(L) - i
        return merged + L[i:] + R[j:], count
    if len(arr) <= 1: return arr, 0
    mid = len(arr)//2
    L, leftInv = inversion_count_merge_sort7(arr[:mid])
    R, rightInv = inversion_count_merge_sort7(arr[mid:])
    merged, splitInv = merge_count(L, R)
    return merged, leftInv + rightInv + splitInv",O(nlogn)
"def inversion_count_merge_sort8(arr):
    if len(arr) <= 1: return arr, 0
    mid = len(arr)//2
    L, invL = inversion_count_merge_sort8(arr[:mid])
    R, invR = inversion_count_merge_sort8(arr[mid:])
    merged, invSplit = [], 0
    i, j = 0, 0
    while i < len(L) and j < len(R):
        if L[i] <= R[j]:
            merged.append(L[i]); i += 1
        else:
            merged.append(R[j]); j += 1
            invSplit += len(L) - i
    merged.extend(L[i:])
    merged.extend(R[j:])
    return merged, invL + invR + invSplit",O(nlogn)
"def inversion_count_merge_sort9(arr):
    if len(arr) <= 1: return arr, 0
    mid = len(arr)//2
    L, leftInv = inversion_count_merge_sort9(arr[:mid])
    R, rightInv = inversion_count_merge_sort9(arr[mid:])
    i = j = inv = 0
    merged = []
    while i < len(L) and j < len(R):
        if L[i] <= R[j]:
            merged.append(L[i]); i += 1
        else:
            merged.append(R[j]); j += 1
            inv += len(L) - i
    merged += L[i:] + R[j:]
    return merged, leftInv + rightInv + inv",O(nlogn)
"def inversion_count_merge_sort10(arr):
    def merge(L, R):
        i = j = inv = 0
        merged = []
        while i < len(L) and j < len(R):
            if L[i] <= R[j]:
                merged.append(L[i]); i += 1
            else:
                merged.append(R[j]); j += 1
                inv += len(L) - i
        return merged + L[i:] + R[j:], inv
    if len(arr) <= 1: return arr, 0
    mid = len(arr)//2
    L, invL = inversion_count_merge_sort10(arr[:mid])
    R, invR = inversion_count_merge_sort10(arr[mid:])
    M, invM = merge(L, R)
    return M, invL + invR + invM",O(nlogn)
"def inversion_count_merge_sort11(arr):
    if len(arr) < 2:
        return arr, 0
    mid = len(arr)//2
    L, invL = inversion_count_merge_sort11(arr[:mid])
    R, invR = inversion_count_merge_sort11(arr[mid:])
    i = j = inv = 0
    merged = []
    while i < len(L) and j < len(R):
        if L[i] <= R[j]:
            merged.append(L[i]); i += 1
        else:
            merged.append(R[j]); j += 1
            inv += len(L)-i
    merged.extend(L[i:])
    merged.extend(R[j:])
    return merged, invL+invR+inv",O(nlogn)
"def inversion_count_merge_sort12(arr):
    if len(arr) <= 1:
        return arr, 0
    mid = len(arr)//2
    left, leftInv = inversion_count_merge_sort12(arr[:mid])
    right, rightInv = inversion_count_merge_sort12(arr[mid:])
    merged, splitInv = [], 0
    i = j = 0
    while i < len(left) and j < len(right):
        if left[i] <= right[j]:
            merged.append(left[i]); i += 1
        else:
            merged.append(right[j]); j += 1
            splitInv += len(left)-i
    merged.extend(left[i:])
    merged.extend(right[j:])
    return merged, leftInv+rightInv+splitInv",O(nlogn)
"def inversion_count_merge_sort13(arr):
    def merge_count(L, R):
        i = j = count = 0
        merged = []
        while i < len(L) and j < len(R):
            if L[i] <= R[j]:
                merged.append(L[i]); i += 1
            else:
                merged.append(R[j]); j += 1
                count += len(L) - i
        return merged + L[i:] + R[j:], count
    if len(arr) <= 1:
        return arr, 0
    mid = len(arr)//2
    L, a = inversion_count_merge_sort13(arr[:mid])
    R, b = inversion_count_merge_sort13(arr[mid:])
    M, c = merge_count(L, R)
    return M, a+b+c",O(nlogn)
"def inversion_count_merge_sort14(arr):
    if len(arr) < 2:
        return arr, 0
    mid = len(arr)//2
    L, invL = inversion_count_merge_sort14(arr[:mid])
    R, invR = inversion_count_merge_sort14(arr[mid:])
    i = j = inv = 0
    merged = []
    while i < len(L) and j < len(R):
        if L[i] <= R[j]: merged.append(L[i]); i += 1
        else: merged.append(R[j]); j += 1; inv += len(L)-i
    merged.extend(L[i:])
    merged.extend(R[j:])
    return merged, invL+invR+inv",O(nlogn)
"def inversion_count_merge_sort15(arr):
    def merge(L, R):
        i = j = inv = 0
        merged = []
        while i < len(L) and j < len(R):
            if L[i] <= R[j]:
                merged.append(L[i]); i += 1
            else:
                merged.append(R[j]); j += 1
                inv += len(L)-i
        return merged + L[i:] + R[j:], inv
    if len(arr) <= 1:
        return arr, 0
    mid = len(arr)//2
    L, leftInv = inversion_count_merge_sort15(arr[:mid])
    R, rightInv = inversion_count_merge_sort15(arr[mid:])
    M, splitInv = merge(L, R)
    return M, leftInv+rightInv+splitInv",O(nlogn)
"def inversion_count_merge_sort16(arr):
    if len(arr) <= 1:
        return arr, 0
    mid = len(arr)//2
    L, invL = inversion_count_merge_sort16(arr[:mid])
    R, invR = inversion_count_merge_sort16(arr[mid:])
    i=j=inv=0
    merged = []
    while i < len(L) and j < len(R):
        if L[i] <= R[j]: merged.append(L[i]); i += 1
        else: merged.append(R[j]); j += 1; inv += len(L)-i
    merged += L[i:]+R[j:]
    return merged, invL+invR+inv",O(nlogn)
"def inversion_count_merge_sort17(arr):
    def merge_count(L, R):
        i=j=c=0
        merged = []
        while i < len(L) and j < len(R):
            if L[i] <= R[j]: merged.append(L[i]); i += 1
            else: merged.append(R[j]); j += 1; c += len(L)-i
        return merged+L[i:]+R[j:], c
    if len(arr) <= 1: return arr, 0
    mid = len(arr)//2
    L, a = inversion_count_merge_sort17(arr[:mid])
    R, b = inversion_count_merge_sort17(arr[mid:])
    M, c = merge_count(L, R)
    return M, a+b+c",O(nlogn)
"def inversion_count_merge_sort18(arr):
    if len(arr) <= 1:
        return arr, 0
    mid = len(arr)//2
    L, invL = inversion_count_merge_sort18(arr[:mid])
    R, invR = inversion_count_merge_sort18(arr[mid:])
    i = j = inv = 0
    merged = []
    while i < len(L) and j < len(R):
        if L[i] <= R[j]:
            merged.append(L[i]); i += 1
        else:
            merged.append(R[j]); j += 1
            inv += len(L)-i
    merged += L[i:]+R[j:]
    return merged, invL+invR+inv",O(nlogn)
"def inversion_count_merge_sort19(arr):
    def merge(L, R):
        i = j = count = 0
        merged = []
        while i < len(L) and j < len(R):
            if L[i] <= R[j]:
                merged.append(L[i]); i += 1
            else:
                merged.append(R[j]); j += 1
                count += len(L)-i
        return merged+L[i:]+R[j:], count
    if len(arr) <= 1: return arr, 0
    mid = len(arr)//2
    L, leftCount = inversion_count_merge_sort19(arr[:mid])
    R, rightCount = inversion_count_merge_sort19(arr[mid:])
    merged, splitCount = merge(L, R)
    return merged, leftCount+rightCount+splitCount",O(nlogn)
"def inversion_count_merge_sort20(arr):
    if len(arr) < 2:
        return arr, 0
    m = len(arr)//2
    L, cntL = inversion_count_merge_sort20(arr[:m])
    R, cntR = inversion_count_merge_sort20(arr[m:])
    i = j = inv = 0
    merged = []
    while i < len(L) and j < len(R):
        if L[i] <= R[j]:
            merged.append(L[i]); i += 1
        else:
            merged.append(R[j]); j += 1; inv += len(L)-i
    merged += L[i:]+R[j:]
    return merged, cntL+cntR+inv",O(nlogn)
"def naive_string_search(text, pattern):
    # For each possible start in text, check the pattern characterâbyâcharacter
    for i in range(len(text) - len(pattern) + 1):
        for j in range(len(pattern)):
            if text[i+j] != pattern[j]:
                break
        else:
            return i
    return -1",O(n*m)
"def count_pattern_occurrences(text, pattern):
    # Count how many times pattern appears in text
    count = 0
    for i in range(len(text) - len(pattern) + 1):
        match = True
        for j in range(len(pattern)):
            if text[i+j] != pattern[j]:
                match = False
                break
        if match:
            count += 1
    return count",O(n*m)
"def naive_substring_match(text, pattern):
    # Similar to string search but with an extra boundary check
    for i in range(len(text)):
        for j in range(len(pattern)):
            if i+j >= len(text) or text[i+j] != pattern[j]:
                break
        else:
            return i
    return -1",O(n*m)
"def cartesian_product(list1, list2):
    # Compute the cartesian product of two lists
    result = []
    for a in list1:
        for b in list2:
            result.append((a, b))
    return result",O(n*m)
"def cross_product(list1, list2):
    # Using list comprehension for the cross product
    return [(x, y) for x in list1 for y in list2]",O(n*m)
"def matrix_vector_multiply(matrix, vector):
    # Multiply an n x m matrix with a vector of length m
    result = []
    for row in matrix:
        sum_val = 0
        for j in range(len(vector)):
            sum_val += row[j] * vector[j]
        result.append(sum_val)
    return result",O(n*m)
"def elementwise_matrix_addition(A, B):
    # Add two matrices of the same dimensions elementwise
    result = []
    for i in range(len(A)):
        row = []
        for j in range(len(A[0])):
            row.append(A[i][j] + B[i][j])
        result.append(row)
    return result",O(n*m)
"def naive_pairwise_comparison(list1, list2):
    # Compare every element in list1 with every element in list2
    result = []
    for a in list1:
        for b in list2:
            if a == b:
                result.append((a, b))
    return result",O(n*m)
"def dot_product_nested(list1, list2):
    # Compute a dot-product in a nested loop style (not the efficient way)
    result = 0
    for a in list1:
        for b in list2:
            result += a * b
    return result",O(n*m)
"def count_common_elements(list1, list2):
    # Count common elements by brute force pairwise checking
    count = 0
    for a in list1:
        for b in list2:
            if a == b:
                count += 1
    return count",O(n*m)
"def brute_force_string_similarity(s1, s2):
    # Count the number of character pairs that match
    similarity = 0
    for ch1 in s1:
        for ch2 in s2:
            if ch1 == ch2:
                similarity += 1
    return similarity",O(n*m)
"def compare_two_matrices(A, B):
    # Check if two matrices (n x m) are identical
    n = len(A)
    m = len(A[0])
    for i in range(n):
        for j in range(m):
            if A[i][j] != B[i][j]:
                return False
    return True",O(n*m)
"def matrix_elementwise_multiplication(A, B):
    # Multiply two matrices elementwise (both n x m)
    result = []
    n = len(A)
    m = len(A[0])
    for i in range(n):
        row = []
        for j in range(m):
            row.append(A[i][j] * B[i][j])
        result.append(row)
    return result",O(n*m)
"def string_edit_distance_brute(s1, s2):
    # Classic dynamic programming for edit distance in O(n*m) time
    dp = [[0]*(len(s2)+1) for _ in range(len(s1)+1)]
    for i in range(len(s1)+1):
        for j in range(len(s2)+1):
            if i == 0:
                dp[i][j] = j
            elif j == 0:
                dp[i][j] = i
            elif s1[i-1] == s2[j-1]:
                dp[i][j] = dp[i-1][j-1]
            else:
                dp[i][j] = 1 + min(dp[i-1][j], dp[i][j-1], dp[i-1][j-1])
    return dp[len(s1)][len(s2)]",O(n*m)
"def find_first_common_character(s1, s2):
    # Return the first common character between s1 and s2
    for ch in s1:
        for ch2 in s2:
            if ch == ch2:
                return ch
    return None",O(n*m)
"def weighted_sum_two_lists(list1, list2):
    # Multiply every pair of elements and sum them
    total = 0
    for i in range(len(list1)):
        for j in range(len(list2)):
            total += list1[i] * list2[j]
    return total",O(n*m)
"def merge_two_sorted_lists(A, B):
    # A forced merge using nested loops (not the usual O(n+m) merge)
    result = []
    for a in A:
        for b in B:
            if a <= b:
                result.append(a)
                break
        else:
            result.append(a)
    for b in B:
        result.append(b)
    return result",O(n*m)
"def find_pairs_with_sum(list1, list2, target):
    # Find all pairs (a, b) such that a + b equals target
    pairs = []
    for a in list1:
        for b in list2:
            if a + b == target:
                pairs.append((a, b))
    return pairs",O(n*m)
"def outer_product(list1, list2):
    # Compute the outer product of two lists
    result = []
    for i in range(len(list1)):
        row = []
        for j in range(len(list2)):
            row.append(list1[i] * list2[j])
        result.append(row)
    return result",O(n*m)
"def count_letter_matches(s1, s2):
    # Count how many pairs of letters from s1 and s2 match (case-sensitive)
    count = 0
    for a in s1:
        for b in s2:
            if a == b:
                count += 1
    return count",O(n*m)
"def generate_matrix(n, m):
    # Generate an n x m matrix with element (i,j) = i * j
    matrix = []
    for i in range(n):
        row = []
        for j in range(m):
            row.append(i * j)
        matrix.append(row)
    return matrix",O(n*m)
"def compare_strings_char_by_char(s1, s2):
    # Count the number of differing character pairs
    differences = 0
    for i in range(len(s1)):
        for j in range(len(s2)):
            if s1[i] != s2[j]:
                differences += 1
    return differences",O(n*m)
"def two_dimensional_search(matrix, target):
    # Search for target in an n x m matrix
    for i in range(len(matrix)):
        for j in range(len(matrix[0])):
            if matrix[i][j] == target:
                return (i, j)
    return (-1, -1)",O(n*m)
"def nested_loop_print(list1, list2):
    # Print every pair from two lists (side-effect; output not captured)
    for a in list1:
        for b in list2:
            print(a, b)
    return",O(n*m)
"def count_divisible_pairs(list1, list2, k):
    # Count pairs (a, b) such that (a + b) is divisible by k
    count = 0
    for a in list1:
        for b in list2:
            if (a + b) % k == 0:
                count += 1
    return count",O(n*m)
"def multiply_elements_by_each_other(list1, list2):
    # Return a list of products for every pair (a, b)
    result = []
    for a in list1:
        for b in list2:
            result.append(a * b)
    return result",O(n*m)
"def count_pairs_with_difference(list1, list2, diff):
    # Count pairs where the absolute difference equals diff
    count = 0
    for a in list1:
        for b in list2:
            if abs(a - b) == diff:
                count += 1
    return count",O(n*m)
"def find_longest_common_subsequence_brute(s1, s2):
    # A simplified (and not optimal) approach to build a common subsequence
    lcs = ''
    for i in range(len(s1)):
        for j in range(len(s2)):
            if s1[i] == s2[j]:
                lcs += s1[i]
    return lcs",O(n*m)
"def naive_pattern_match_indices(text, pattern):
    # Find all starting indices where pattern matches text
    indices = []
    for i in range(len(text) - len(pattern) + 1):
        match = True
        for j in range(len(pattern)):
            if text[i+j] != pattern[j]:
                match = False
                break
        if match:
            indices.append(i)
    return indices",O(n*m)
"def count_submatrix_occurrences(matrix, submatrix):
    # Count how many times submatrix occurs in a larger matrix
    count = 0
    n = len(matrix)
    m = len(matrix[0])
    a = len(submatrix)
    b = len(submatrix[0])
    for i in range(n - a + 1):
        for j in range(m - b + 1):
            match = True
            for x in range(a):
                for y in range(b):
                    if matrix[i+x][j+y] != submatrix[x][y]:
                        match = False
                        break
                if not match:
                    break
            if match:
                count += 1
    return count",O(n*m)
"def slow_string_interleaving(s1, s2):
    # Compute all interleavings by pairing characters (only the direct pairs, not all interleavings)
    result = []
    for i in range(len(s1)):
        for j in range(len(s2)):
            result.append(s1[i] + s2[j])
    return result",O(n*m)
"def combine_lists_alternately(list1, list2):
    # Create a list alternating elements from two lists (using nested loops)
    result = []
    for i in range(len(list1)):
        for j in range(len(list2)):
            result.append(list1[i])
            result.append(list2[j])
    return result",O(n*m)
"def inner_product_matrix(A, B):
    # Compute the sum of elementwise products of two matrices (assumed same dimensions)
    total = 0
    for i in range(len(A)):
        for j in range(len(A[0])):
            total += A[i][j] * B[i][j]
    return total",O(n*m)
"def count_matching_positions(list1, list2):
    # Compare each pair from two lists and count matching positions
    count = 0
    for i in range(len(list1)):
        for j in range(len(list2)):
            if list1[i] == list2[j]:
                count += 1
    return count",O(n*m)
"def double_loop_concatenation(list1, list2):
    # Concatenate string representations of every pair from two lists
    result = ''
    for a in list1:
        for b in list2:
            result += str(a) + str(b)
    return result",O(n*m)
"def nested_loop_index_sum(n, m):
    # Sum over indices given two parameters n and m
    total = 0
    for i in range(n):
        for j in range(m):
            total += i + j
    return total",O(n*m)
"def nested_loop_boolean_check(matrix, value):
    # Check if any element in an n x m matrix equals value
    found = False
    for row in matrix:
        for elem in row:
            if elem == value:
                found = True
    return found",O(n*m)
"def compare_string_pairs(list_strings, pattern):
    # For every string in list_strings, check if any character in pattern is found
    result = []
    for s in list_strings:
        for p in pattern:
            if s.find(p) != -1:
                result.append((s, p))
    return result",O(n*m)
"def nested_loop_subtraction(list1, list2):
    # Subtract every element in list2 from every element in list1
    result = []
    for a in list1:
        for b in list2:
            result.append(a - b)
    return result",O(n*m)
"def nested_loop_division(list1, list2):
    # Divide each element in list1 by each element in list2 (if non-zero)
    result = []
    for a in list1:
        for b in list2:
            if b != 0:
                result.append(a / b)
    return result",O(n*m)
"def nested_loop_modulo(list1, list2):
    # Compute modulo for every pair (a, b) where b is non-zero
    result = []
    for a in list1:
        for b in list2:
            if b != 0:
                result.append(a % b)
    return result",O(n*m)
"def nested_loop_power(list1, list2):
    # Raise each element from list1 to the power of each element in list2
    result = []
    for a in list1:
        for b in list2:
            result.append(a ** b)
    return result",O(n*m)
"def nested_loop_string_concat(strings1, strings2):
    # Concatenate each string from strings1 with each from strings2
    result = []
    for s1 in strings1:
        for s2 in strings2:
            result.append(s1 + s2)
    return result",O(n*m)
"def nested_loop_find_min(list1, list2):
    # Find the smallest element among all comparisons of elements from two lists
    min_val = None
    for a in list1:
        for b in list2:
            if min_val is None or (a < b and a < min_val):
                min_val = a
    return min_val",O(n*m)
"def matrix_scale_sum(matrix, scalar_matrix):
    # Multiply corresponding elements of two matrices and sum (elementwise product)
    result = []
    for i in range(len(matrix)):
        row = []
        for j in range(len(matrix[0])):
            row.append(matrix[i][j] * scalar_matrix[i][j])
        result.append(row)
    return result",O(n*m)
"def nested_loop_string_compare(list1, list2):
    # Count how many pairs of strings are equal
    count = 0
    for s1 in list1:
        for s2 in list2:
            if s1 == s2:
                count += 1
    return count",O(n*m)
"def nested_loop_sum_strings_length(list1, list2):
    # Sum the lengths of all string pairs from two lists
    total = 0
    for s1 in list1:
        for s2 in list2:
            total += len(s1) + len(s2)
    return total",O(n*m)
"def nested_loop_contains_character(list1, list2):
    # Check if any string from list1 contains any string from list2
    for s1 in list1:
        for s2 in list2:
            if s2 in s1:
                return True
    return False",O(n*m)
"def nested_loop_find_difference(list1, list2):
    # Compute the absolute difference for every pair of numbers
    diffs = []
    for a in list1:
        for b in list2:
            diffs.append(abs(a - b))
    return diffs",O(n*m)
"def nested_loop_count_occurrences_variant(list1, list2):
    # Count occurrences of equal elements between two lists
    count = 0
    for a in list1:
        for b in list2:
            if a == b:
                count += 1
    return count",O(n*m)
"def nested_loop_max_product(list1, list2):
    # Find the maximum product among all pairs
    max_prod = None
    for a in list1:
        for b in list2:
            prod = a * b
            if max_prod is None or prod > max_prod:
                max_prod = prod
    return max_prod",O(n*m)
"def nested_loop_min_product(list1, list2):
    # Find the minimum product among all pairs
    min_prod = None
    for a in list1:
        for b in list2:
            prod = a * b
            if min_prod is None or prod < min_prod:
                min_prod = prod
    return min_prod",O(n*m)
"def nested_loop_count_difference_greater(list1, list2, d):
    # Count pairs with absolute difference greater than d
    count = 0
    for a in list1:
        for b in list2:
            if abs(a - b) > d:
                count += 1
    return count",O(n*m)
"def nested_loop_find_index_pairs(list1, list2):
    # For each equal element, record the index pair
    pairs = []
    for i in range(len(list1)):
        for j in range(len(list2)):
            if list1[i] == list2[j]:
                pairs.append((i, j))
    return pairs",O(n*m)
"def nested_loop_duplicate_check(list1, list2):
    # Check for duplicates between two lists and return them
    duplicates = []
    for a in list1:
        for b in list2:
            if a == b and a not in duplicates:
                duplicates.append(a)
    return duplicates",O(n*m)
"def nested_loop_difference_sum(list1, list2):
    # Sum the absolute differences of all pairs
    total = 0
    for a in list1:
        for b in list2:
            total += abs(a - b)
    return total",O(n*m)
"def nested_loop_increment_counter(list1, list2):
    # Increment a counter for each pair in two lists
    counter = 0
    for _ in list1:
        for _ in list2:
            counter += 1
    return counter",O(n*m)
"def boolean_matrix_and(mat1, mat2):
    # Compute elementwise boolean AND on two n x m matrices
    result = []
    for i in range(len(mat1)):
        row = []
        for j in range(len(mat1[0])):
            row.append(mat1[i][j] and mat2[i][j])
        result.append(row)
    return result",O(n*m)
"def nested_loop_string_intersection(list1, list2):
    # Return the intersection of two lists of strings (based on substring containment)
    intersection = []
    for s1 in list1:
        for s2 in list2:
            if s1 in s2 or s2 in s1:
                intersection.append(s1)
                break
    return intersection",O(n*m)
"def nested_loop_custom_comparison(list1, list2):
    # Append pairs (a, b) if a < b
    result = []
    for a in list1:
        for b in list2:
            if a < b:
                result.append((a, b))
    return result",O(n*m)
"def nested_loop_string_mismatch(s1, s2):
    # Count mismatches for every pair of characters from two strings
    mismatches = 0
    for i in range(len(s1)):
        for j in range(len(s2)):
            if s1[i] != s2[j]:
                mismatches += 1
    return mismatches",O(n*m)
"def multiply_indices(n, m):
    # Create a list of products for indices in ranges n and m
    result = []
    for i in range(n):
        for j in range(m):
            result.append(i * j)
    return result",O(n*m)
"def add_indices(n, m):
    # Create a list of sums for indices in ranges n and m
    result = []
    for i in range(n):
        for j in range(m):
            result.append(i + j)
    return result",O(n*m)
"def subtract_indices(n, m):
    # Create a list of differences for indices in ranges n and m
    result = []
    for i in range(n):
        for j in range(m):
            result.append(i - j)
    return result",O(n*m)
"def divide_indices(n, m):
    # Create a list of divisions for indices (starting from 1 to avoid division by zero)
    result = []
    for i in range(1, n):
        for j in range(1, m):
            result.append(i / j)
    return result",O(n*m)
"def mod_indices(n, m):
    # Create a list of modulo results for indices from 1 to avoid zero
    result = []
    for i in range(1, n):
        for j in range(1, m):
            result.append(i % j)
    return result",O(n*m)
"def power_indices(n, m):
    # Raise i to the power j for i in range and j in range (starting from 1)
    result = []
    for i in range(1, n):
        for j in range(1, m):
            result.append(i ** j)
    return result",O(n*m)
"def compare_string_lengths(list1, list2):
    # For each pair of strings, record the absolute difference in lengths
    differences = []
    for s1 in list1:
        for s2 in list2:
            differences.append(abs(len(s1) - len(s2)))
    return differences",O(n*m)
"def uppercase_lowercase_concat(list1, list2):
    # Concatenate uppercase version of s1 with lowercase version of s2 for each pair
    result = []
    for s1 in list1:
        for s2 in list2:
            result.append(s1.upper() + s2.lower())
    return result",O(n*m)
"def merge_dictionaries(dicts1, dicts2):
    # Merge every pair of dictionaries from two lists
    result = {}
    for d1 in dicts1:
        for d2 in dicts2:
            combined = {**d1, **d2}
            result.update(combined)
    return result",O(n*m)
"def list_intersection(list1, list2):
    # Compute the intersection of two lists using nested loops
    result = []
    for a in list1:
        for b in list2:
            if a == b and a not in result:
                result.append(a)
    return result",O(n*m)
"def list_union(list1, list2):
    # Compute union by checking membership in a nested loop
    result = list1[:]
    for b in list2:
        found = False
        for a in list1:
            if a == b:
                found = True
                break
        if not found:
            result.append(b)
    return result",O(n*m)
"def count_word_occurrences(words, target):
    # For each word, check each character in target and count if present
    count = 0
    for word in words:
        for char in target:
            if char in word:
                count += 1
    return count",O(n*m)
"def find_longer(list1, list2):
    # For each pair, return the string from list1 if it is longer than the one from list2
    result = []
    for s1 in list1:
        for s2 in list2:
            if len(s1) > len(s2):
                result.append(s1)
    return result",O(n*m)
"def find_smaller(list1, list2):
    # For each pair, return the string from list1 if it is shorter than the one from list2
    result = []
    for s1 in list1:
        for s2 in list2:
            if len(s1) < len(s2):
                result.append(s1)
    return result",O(n*m)
"def flatten_list_of_lists(list_of_lists):
    # Flatten a list of lists (assuming list_of_lists has n lists, each of length m)
    result = []
    for sublist in list_of_lists:
        for item in sublist:
            result.append(item)
    return result",O(n*m)
"def zip_lists_nested(list1, list2):
    # Create a nested version of zip by generating all index pairs
    zipped = []
    for i in range(len(list1)):
        for j in range(len(list2)):
            zipped.append((list1[i], list2[j]))
    return zipped",O(n*m)
"def string_replace_nested(list_strings, old, new):
    # For each string, perform replacement in a nested loop over its characters
    result = []
    for s in list_strings:
        for _ in s:
            result.append(s.replace(old, new))
    return result",O(n*m)
"def list_product_two_lists(lists):
    # Given a list of two lists, produce the outer product
    result = []
    if len(lists) < 2:
        return result
    for a in lists[0]:
        for b in lists[1]:
            result.append(a * b)
    return result",O(n*m)
"def string_find_all(text, sub):
    # Find all indices where sub occurs in text using a nested loop
    indices = []
    for i in range(len(text) - len(sub) + 1):
        for j in range(len(sub)):
            if text[i+j] != sub[j]:
                break
        else:
            indices.append(i)
    return indices",O(n*m)
"def reverse_concat(list1, list2):
    # Reverse each string and then concatenate every pair
    result = []
    for s1 in list1:
        for s2 in list2:
            result.append(s1[::-1] + s2[::-1])
    return result",O(n*m)
"def count_vowels_nested(s1, s2):
    # Count vowel pairs from two strings
    vowels = set('aeiouAEIOU')
    count = 0
    for ch1 in s1:
        for ch2 in s2:
            if ch1 in vowels and ch2 in vowels:
                count += 1
    return count",O(n*m)
"def compare_sublists(list_of_lists1, list_of_lists2):
    # Count equal sublists among two collections
    count = 0
    for sub1 in list_of_lists1:
        for sub2 in list_of_lists2:
            if sub1 == sub2:
                count += 1
    return count",O(n*m)
"def conditional_append(list1, list2):
    # Append pair (a, b) if a is even and b is odd
    result = []
    for a in list1:
        for b in list2:
            if a % 2 == 0 and b % 2 == 1:
                result.append((a, b))
    return result",O(n*m)
"def swap_elements_nested(list1, list2):
    # Produce swapped pairs (b, a) for every a in list1 and b in list2
    swapped = []
    for a in list1:
        for b in list2:
            swapped.append((b, a))
    return swapped",O(n*m)
"def char_count_nested(s1, s2):
    # Count the total number of character pairs
    total = 0
    for c1 in s1:
        for c2 in s2:
            total += 1
    return total",O(n*m)
"def even_sum_nested(list1, list2):
    # Sum pairs (a+b) only when the sum is even
    total = 0
    for a in list1:
        for b in list2:
            if (a + b) % 2 == 0:
                total += a + b
    return total",O(n*m)
"def find_max_difference(list1, list2):
    # Find the maximum absolute difference between elements of two lists
    max_diff = None
    for a in list1:
        for b in list2:
            diff = abs(a - b)
            if max_diff is None or diff > max_diff:
                max_diff = diff
    return max_diff",O(n*m)
"def find_min_difference(list1, list2):
    # Find the minimum absolute difference between elements of two lists
    min_diff = None
    for a in list1:
        for b in list2:
            diff = abs(a - b)
            if min_diff is None or diff < min_diff:
                min_diff = diff
    return min_diff",O(n*m)
"def average_pairs(list1, list2):
    # Compute the average of every pair (a, b)
    averages = []
    for a in list1:
        for b in list2:
            averages.append((a + b) / 2)
    return averages",O(n*m)
"def square_sum_nested(list1, list2):
    # Sum the squares of elements from two lists
    total = 0
    for a in list1:
        for b in list2:
            total += a*a + b*b
    return total",O(n*m)
"def upper_lower_concat(list1, list2):
    # For each pair, concatenate s1.upper() with s2.lower()
    result = []
    for s1 in list1:
        for s2 in list2:
            result.append(s1.upper() + s2.lower())
    return result",O(n*m)
"def check_anagrams_nested(list1, list2):
    # Check each pair of words to see if they are anagrams
    result = []
    for word1 in list1:
        for word2 in list2:
            if sorted(word1) == sorted(word2):
                result.append((word1, word2))
    return result",O(n*m)
"def count_subsequence_occurrences(s, sub):
    # Count occurrences of sub in s with a nested loop
    count = 0
    for i in range(len(s) - len(sub) + 1):
        for j in range(len(sub)):
            if s[i+j] != sub[j]:
                break
        else:
            count += 1
    return count",O(n*m)
"def find_all_matches(text, pattern):
    # Return all indices where pattern matches text
    indices = []
    n = len(text)
    m = len(pattern)
    for i in range(n - m + 1):
        match = True
        for j in range(m):
            if text[i+j] != pattern[j]:
                match = False
                break
        if match:
            indices.append(i)
    return indices",O(n*m)
"def product_of_sums(list1, list2):
    # Sum each list then compute the sum over all pairs (simulate nested loop)
    total1 = sum(list1)
    total2 = sum(list2)
    product = 0
    for a in list1:
        for b in list2:
            product += a + b
    return product",O(n*m)
"def string_duplicate_nested(list1, list2):
    # Return duplicates based on a nested loop comparison
    duplicates = []
    for s1 in list1:
        for s2 in list2:
            if s1 == s2:
                duplicates.append(s1)
    return duplicates",O(n*m)
"def alternating_concat(list1, list2):
    # Concatenate elements from list1 and list2 with a hyphen between
    result = []
    for i in range(len(list1)):
        for j in range(len(list2)):
            result.append(list1[i] + '-' + list2[j])
    return result",O(n*m)
"def conditional_sum_matrix(matrix, threshold):
    # Sum all elements in an n x m matrix that are greater than threshold
    total = 0
    for row in matrix:
        for value in row:
            if value > threshold:
                total += value
    return total",O(n*m)
"def cubic_variant1(arr):
    # Sum of triplet elements from arr
    total = 0
    n = len(arr)
    for i in range(n):
        for j in range(n):
            for k in range(n):
                total += arr[i] + arr[j] + arr[k]
    return total",O(n^3)
"def cubic_variant2(A, B):
    # Standard matrix multiplication (n x n matrices)
    n = len(A)
    result = [[0]*n for _ in range(n)]
    for i in range(n):
        for j in range(n):
            for k in range(n):
                result[i][j] += A[i][k] * B[k][j]
    return result",O(n^3)
"def cubic_variant3(lst):
    # Generate all triplets from lst
    triplets = []
    n = len(lst)
    for i in range(n):
        for j in range(n):
            for k in range(n):
                triplets.append((lst[i], lst[j], lst[k]))
    return triplets",O(n^3)
"def cubic_variant4(arr, target):
    # Brute-force 3-sum: return first triplet that sums to target
    n = len(arr)
    for i in range(n):
        for j in range(i+1, n):
            for k in range(j+1, n):
                if arr[i] + arr[j] + arr[k] == target:
                    return (arr[i], arr[j], arr[k])
    return None",O(n^3)
"def cubic_variant5(arr):
    # Count triplets with strictly increasing values
    count = 0
    n = len(arr)
    for i in range(n):
        for j in range(n):
            for k in range(n):
                if arr[i] < arr[j] and arr[j] < arr[k]:
                    count += 1
    return count",O(n^3)
"def cubic_variant6(cube):
    # Sum all elements in a 3D cube (n x n x n)
    total = 0
    n = len(cube)
    for i in range(n):
        for j in range(n):
            for k in range(n):
                total += cube[i][j][k]
    return total",O(n^3)
"def cubic_variant7(n):
    # Sum indices over a cubic loop
    total = 0
    for i in range(n):
        for j in range(n):
            for k in range(n):
                total += i + j + k
    return total",O(n^3)
"def cubic_variant8(n):
    # Product of indices over a cubic loop
    prod = 1
    for i in range(1, n):
        for j in range(1, n):
            for k in range(1, n):
                prod *= (i * j * k)
    return prod",O(n^3)
"def cubic_variant9(strings):
    # Concatenate all triplets of strings
    result = []
    n = len(strings)
    for i in range(n):
        for j in range(n):
            for k in range(n):
                result.append(strings[i] + strings[j] + strings[k])
    return result",O(n^3)
"def cubic_variant10(s):
    # Count palindromic substrings formed by each triplet (using substring s[i:k+1])
    count = 0
    n = len(s)
    for i in range(n):
        for j in range(i, n):
            for k in range(j, n):
                substr = s[i:k+1]
                if substr == substr[::-1]:
                    count += 1
    return count",O(n^3)
"def cubic_variant11(arr):
    # Find maximum triplet sum in arr
    max_sum = float('-inf')
    n = len(arr)
    for i in range(n):
        for j in range(n):
            for k in range(n):
                max_sum = max(max_sum, arr[i] + arr[j] + arr[k])
    return max_sum",O(n^3)
"def cubic_variant12(arr):
    # Find minimum product among all triplets in arr
    min_prod = float('inf')
    n = len(arr)
    for i in range(n):
        for j in range(n):
            for k in range(n):
                min_prod = min(min_prod, arr[i] * arr[j] * arr[k])
    return min_prod",O(n^3)
"def cubic_variant13(arr):
    # Count triplets whose sum is even
    count = 0
    n = len(arr)
    for i in range(n):
        for j in range(n):
            for k in range(n):
                if (arr[i] + arr[j] + arr[k]) % 2 == 0:
                    count += 1
    return count",O(n^3)
"def cubic_variant14(lst):
    # Generate all triplets with distinct indices
    triplets = []
    n = len(lst)
    for i in range(n):
        for j in range(i+1, n):
            for k in range(j+1, n):
                triplets.append((lst[i], lst[j], lst[k]))
    return triplets",O(n^3)
"def cubic_variant15(matrix):
    # Compute a custom 3D convolution-like sum on a square matrix
    n = len(matrix)
    total = 0
    for i in range(n):
        for j in range(n):
            for k in range(n):
                total += matrix[i][j] * matrix[j][k] * matrix[k][i]
    return total",O(n^3)
"def cubic_variant16(arr):
    # Count triplets with i<j<k and arr[i] < arr[j] < arr[k]
    count = 0
    n = len(arr)
    for i in range(n):
        for j in range(i+1, n):
            for k in range(j+1, n):
                if arr[i] < arr[j] and arr[j] < arr[k]:
                    count += 1
    return count",O(n^3)
"def cubic_variant17(arr1, arr2, arr3):
    # Sum of products across three arrays
    total = 0
    n1, n2, n3 = len(arr1), len(arr2), len(arr3)
    for i in range(n1):
        for j in range(n2):
            for k in range(n3):
                total += arr1[i] * arr2[j] * arr3[k]
    return total",O(n^3)
"def cubic_variant18(arr):
    # Find the triplet with maximum product
    max_prod = float('-inf')
    result = None
    n = len(arr)
    for i in range(n):
        for j in range(n):
            for k in range(n):
                prod = arr[i] * arr[j] * arr[k]
                if prod > max_prod:
                    max_prod = prod
                    result = (arr[i], arr[j], arr[k])
    return result",O(n^3)
"def cubic_variant19(s):
    # Count triplets of characters where all are vowels
    vowels = set('aeiouAEIOU')
    count = 0
    n = len(s)
    for i in range(n):
        for j in range(n):
            for k in range(n):
                if s[i] in vowels and s[j] in vowels and s[k] in vowels:
                    count += 1
    return count",O(n^3)
"def cubic_variant20(arr):
    # Compute a cubic sum with an index-based formula
    total = 0
    n = len(arr)
    for i in range(n):
        for j in range(n):
            for k in range(n):
                total += (i * j - k)
    return total",O(n^3)
"def cubic_variant21(n):
    # Sum over cube of indices for given n
    s = 0
    for i in range(n):
        for j in range(n):
            for k in range(n):
                s += i * j * k
    return s",O(n^3)
"def cubic_variant22(arr):
    # Count triplets where the sum is a multiple of 3
    count = 0
    n = len(arr)
    for i in range(n):
        for j in range(n):
            for k in range(n):
                if (arr[i] + arr[j] + arr[k]) % 3 == 0:
                    count += 1
    return count",O(n^3)
"def cubic_variant23(matrix):
    # Sum of the product of every 3 elements in a square matrix
    total = 0
    n = len(matrix)
    for i in range(n):
        for j in range(n):
            for k in range(n):
                total += matrix[i][j] * matrix[j][k] * matrix[k][i]
    return total",O(n^3)
"def cubic_variant24(lst):
    # Generate a new list with each element as the sum of a triplet
    result = []
    n = len(lst)
    for i in range(n):
        for j in range(n):
            for k in range(n):
                result.append(lst[i] + lst[j] + lst[k])
    return result",O(n^3)
"def cubic_variant25(arr):
    # Count triplets where the difference between the third and first equals the second
    count = 0
    n = len(arr)
    for i in range(n):
        for j in range(n):
            for k in range(n):
                if arr[k] - arr[i] == arr[j]:
                    count += 1
    return count",O(n^3)
"def cubic_variant26(arr):
    # Compute a custom function over triplets
    total = 0
    n = len(arr)
    for i in range(n):
        for j in range(n):
            for k in range(n):
                total += (arr[i] - arr[j]) * (arr[j] - arr[k])
    return total",O(n^3)
"def cubic_variant27(arr):
    # Count triplets with all equal elements
    count = 0
    n = len(arr)
    for i in range(n):
        for j in range(n):
            for k in range(n):
                if arr[i] == arr[j] and arr[j] == arr[k]:
                    count += 1
    return count",O(n^3)
"def cubic_variant28(arr):
    # Brute-force 3-sum variant: return list of index triplets summing to zero
    indices = []
    n = len(arr)
    for i in range(n):
        for j in range(i+1, n):
            for k in range(j+1, n):
                if arr[i] + arr[j] + arr[k] == 0:
                    indices.append((i, j, k))
    return indices",O(n^3)
"def cubic_variant29(matrix):
    # Count triplets in a matrix where the sum of row indices equals a fixed value
    count = 0
    n = len(matrix)
    for i in range(n):
        for j in range(n):
            for k in range(n):
                if i + j == k:
                    count += 1
    return count",O(n^3)
"def cubic_variant30(s):
    # Count triplets of characters in a string that are digits
    count = 0
    n = len(s)
    for i in range(n):
        for j in range(n):
            for k in range(n):
                if s[i].isdigit() and s[j].isdigit() and s[k].isdigit():
                    count += 1
    return count",O(n^3)
"def cubic_variant31(lst):
    # Sum the pairwise differences for every triplet
    total = 0
    n = len(lst)
    for i in range(n):
        for j in range(n):
            for k in range(n):
                total += abs(lst[i] - lst[j]) + abs(lst[j] - lst[k])
    return total",O(n^3)
"def cubic_variant32(arr):
    # Create a 3D list (cube) from the 1D array arr
    n = len(arr)
    result = [[[arr[i] for k in range(n)] for j in range(n)] for i in range(n)]
    return result",O(n^3)
"def cubic_variant33(arr):
    # Triple loop: multiply all triplet sums together
    product = 1
    n = len(arr)
    for i in range(n):
        for j in range(n):
            for k in range(n):
                product *= (arr[i] + arr[j] + arr[k] + 1)
    return product",O(n^3)
"def cubic_variant34(arr):
    # Check for any triplet forming an arithmetic progression
    n = len(arr)
    found = False
    for i in range(n):
        for j in range(i, n):
            for k in range(j, n):
                if 2 * arr[j] == arr[i] + arr[k]:
                    found = True
    return found",O(n^3)
"def cubic_variant35(matrix):
    # For each triplet of indices, compute f(i,j,k)=matrix[i][j]-matrix[j][k]+matrix[k][i]
    total = 0
    n = len(matrix)
    for i in range(n):
        for j in range(n):
            for k in range(n):
                total += matrix[i][j] - matrix[j][k] + matrix[k][i]
    return total",O(n^3)
"def cubic_variant36(arr):
    # Count triplets with odd product
    count = 0
    n = len(arr)
    for i in range(n):
        for j in range(n):
            for k in range(n):
                if arr[i] % 2 and arr[j] % 2 and arr[k] % 2:
                    count += 1
    return count",O(n^3)
"def cubic_variant37(arr):
    # Triple loop to compute sum of squares of each triplet's elements
    total = 0
    n = len(arr)
    for i in range(n):
        for j in range(n):
            for k in range(n):
                total += arr[i]**2 + arr[j]**2 + arr[k]**2
    return total",O(n^3)
"def cubic_variant38(arr):
    # Concatenate string representations of each triplet
    result = ''
    n = len(arr)
    for i in range(n):
        for j in range(n):
            for k in range(n):
                result += str(arr[i]) + str(arr[j]) + str(arr[k])
    return result",O(n^3)
"def cubic_variant39(A):
    # Count nonzero elements in a 3D matrix A (n x n x n)
    count = 0
    n = len(A)
    for i in range(n):
        for j in range(n):
            for k in range(n):
                if A[i][j][k] != 0:
                    count += 1
    return count",O(n^3)
"def cubic_variant40(arr):
    # Compute a cubic norm sum: sum of squares of triplet sums
    total = 0
    n = len(arr)
    for i in range(n):
        for j in range(n):
            for k in range(n):
                total += (arr[i] + arr[j] + arr[k])**2
    return total",O(n^3)
"def cubic_variant41(arr):
    # Generate all possible pairs of triplets from arr with one reversed
    result = []
    n = len(arr)
    for i in range(n):
        for j in range(n):
            for k in range(n):
                result.append(((arr[i], arr[j], arr[k]), (arr[k], arr[j], arr[i])))
    return result",O(n^3)
"def cubic_variant42(arr):
    # Count triplets where the sum of indices is even
    count = 0
    n = len(arr)
    for i in range(n):
        for j in range(n):
            for k in range(n):
                if (i + j + k) % 2 == 0:
                    count += 1
    return count",O(n^3)
"def cubic_variant43(arr):
    # Triple loop that sums the bit counts of each arr[i]
    total = 0
    n = len(arr)
    for i in range(n):
        for j in range(n):
            for k in range(n):
                total += bin(arr[i]).count('1')
    return total",O(n^3)
"def cubic_variant44(arr):
    # Count triplets with at least one pair of equal elements
    count = 0
    n = len(arr)
    for i in range(n):
        for j in range(n):
            for k in range(n):
                if arr[i] == arr[j] or arr[j] == arr[k] or arr[i] == arr[k]:
                    count += 1
    return count",O(n^3)
"def cubic_variant45(arr):
    # Sum over triplets with pairwise distinct indices
    total = 0
    n = len(arr)
    for i in range(n):
        for j in range(n):
            for k in range(n):
                if i != j and j != k and i != k:
                    total += arr[i] + arr[j] + arr[k]
    return total",O(n^3)
"def cubic_variant46(arr):
    # Count triplets in descending order
    count = 0
    n = len(arr)
    for i in range(n):
        for j in range(n):
            for k in range(n):
                if arr[i] > arr[j] and arr[j] > arr[k]:
                    count += 1
    return count",O(n^3)
"def cubic_variant47(arr):
    # Count triplets with product equal to 1
    count = 0
    n = len(arr)
    for i in range(n):
        for j in range(n):
            for k in range(n):
                if arr[i] * arr[j] * arr[k] == 1:
                    count += 1
    return count",O(n^3)
"def cubic_variant48(arr):
    # Sum the absolute differences between elements for every triplet
    total = 0
    n = len(arr)
    for i in range(n):
        for j in range(n):
            for k in range(n):
                total += abs(arr[i]-arr[j]) + abs(arr[j]-arr[k])
    return total",O(n^3)
"def cubic_variant49(arr):
    # Return first triplet with sum greater than a threshold
    n = len(arr)
    threshold = 100
    for i in range(n):
        for j in range(n):
            for k in range(n):
                if arr[i] + arr[j] + arr[k] > threshold:
                    return (arr[i], arr[j], arr[k])
    return None",O(n^3)
"def cubic_variant50(arr):
    # Compute a weighted sum using indices and array values
    total = 0
    n = len(arr)
    for i in range(n):
        for j in range(n):
            for k in range(n):
                total += (i + j + k) * (arr[i] + arr[j] + arr[k])
    return total",O(n^3)
"def cubic_variant51(arr):
    # Count triplets where all elements are positive
    count = 0
    n = len(arr)
    for i in range(n):
        for j in range(n):
            for k in range(n):
                if arr[i] > 0 and arr[j] > 0 and arr[k] > 0:
                    count += 1
    return count",O(n^3)
"def cubic_variant52(arr):
    # Sum of minimums for every triplet
    total = 0
    n = len(arr)
    for i in range(n):
        for j in range(n):
            for k in range(n):
                total += min(arr[i], arr[j], arr[k])
    return total",O(n^3)
"def cubic_variant53(arr):
    # Sum of maximums for every triplet
    total = 0
    n = len(arr)
    for i in range(n):
        for j in range(n):
            for k in range(n):
                total += max(arr[i], arr[j], arr[k])
    return total",O(n^3)
"def cubic_variant54(matrix):
    # Sum elements on the main 3D diagonal (i==j==k)
    total = 0
    n = len(matrix)
    for i in range(n):
        for j in range(n):
            for k in range(n):
                if i == j and j == k:
                    total += matrix[i][j][k]
    return total",O(n^3)
"def cubic_variant55(arr):
    # Create a 3D cube from a 1D array
    n = len(arr)
    cube = [[[arr[i] for k in range(n)] for j in range(n)] for i in range(n)]
    return cube",O(n^3)
"def cubic_variant56(arr):
    # Cumulative sum of all triplet sums
    cum_sum = 0
    n = len(arr)
    for i in range(n):
        for j in range(n):
            for k in range(n):
                cum_sum += arr[i] + arr[j] + arr[k]
    return cum_sum",O(n^3)
"def cubic_variant57(arr):
    # Triple nested loop that prints each triplet (for side-effects)
    n = len(arr)
    for i in range(n):
        for j in range(n):
            for k in range(n):
                print(arr[i], arr[j], arr[k])
    return",O(n^3)
"def cubic_variant58(arr):
    # Compute a polynomial sum over triplets
    total = 0
    n = len(arr)
    for i in range(n):
        for j in range(n):
            for k in range(n):
                total += (arr[i]**2 + arr[j]**2 + arr[k]**2)
    return total",O(n^3)
"def cubic_variant59(lst):
    # Generate a list of all index triplets
    indices = []
    n = len(lst)
    for i in range(n):
        for j in range(n):
            for k in range(n):
                indices.append((i, j, k))
    return indices",O(n^3)
"def cubic_variant60(arr):
    # Sum products of pairs with an extra index factor
    total = 0
    n = len(arr)
    for i in range(n):
        for j in range(n):
            for k in range(n):
                total += arr[i] * arr[j] * k
    return total",O(n^3)
"def cubic_variant61(s):
    # Generate all 3-character combinations from string s
    combos = []
    n = len(s)
    for i in range(n):
        for j in range(n):
            for k in range(n):
                combos.append(s[i] + s[j] + s[k])
    return combos",O(n^3)
"def cubic_variant62(matrix):
    # For a matrix assumed to be n x n, perform a triple loop on its elements
    total = 0
    n = len(matrix)
    m = len(matrix[0])
    for i in range(n):
        for j in range(m):
            for k in range(m):
                total += matrix[i][j] + matrix[i][k]
    return total",O(n^3)
"def cubic_variant63(arr):
    # Check if any triplet sum is divisible by 7
    n = len(arr)
    mod_val = 7
    for i in range(n):
        for j in range(n):
            for k in range(n):
                if (arr[i] + arr[j] + arr[k]) % mod_val == 0:
                    return True
    return False",O(n^3)
"def cubic_variant64(arr):
    # Compute a combined score from triplet differences
    score = 0
    n = len(arr)
    for i in range(n):
        for j in range(n):
            for k in range(n):
                score += (arr[i] - arr[j])**2 + (arr[j] - arr[k])**2
    return score",O(n^3)
"def cubic_variant65(arr):
    # Sum of products of differences over triplets
    total = 0
    n = len(arr)
    for i in range(n):
        for j in range(n):
            for k in range(n):
                total += abs(arr[i] - arr[j]) * abs(arr[j] - arr[k])
    return total",O(n^3)
"def cubic_variant66(arr):
    # Build a dictionary mapping triplets to their sum
    mapping = {}
    n = len(arr)
    for i in range(n):
        for j in range(n):
            for k in range(n):
                mapping[(i, j, k)] = arr[i] + arr[j] + arr[k]
    return mapping",O(n^3)
"def cubic_variant67(arr):
    # Count triplets with at least one even number
    count = 0
    n = len(arr)
    for i in range(n):
        for j in range(n):
            for k in range(n):
                if arr[i] % 2 == 0 or arr[j] % 2 == 0 or arr[k] % 2 == 0:
                    count += 1
    return count",O(n^3)
"def cubic_variant68(arr):
    # Sum of cubes of each element repeated for every triplet
    total = 0
    n = len(arr)
    for i in range(n):
        for j in range(n):
            for k in range(n):
                total += arr[i]**3
    return total",O(n^3)
"def cubic_variant69(arr):
    # Generate list of all triplets with their sum
    results = []
    n = len(arr)
    for i in range(n):
        for j in range(n):
            for k in range(n):
                results.append((i, j, k, arr[i]+arr[j]+arr[k]))
    return results",O(n^3)
"def cubic_variant70(matrix):
    # Compute a correlation-like metric on a square matrix using triple nested loops
    total = 0
    n = len(matrix)
    for i in range(n):
        for j in range(n):
            for k in range(n):
                total += matrix[i][j] * matrix[j][k] - matrix[k][i]
    return total",O(n^3)
"def cubic_variant71(arr):
    # Count triplets where the first element is less than the sum of the other two
    count = 0
    n = len(arr)
    for i in range(n):
        for j in range(n):
            for k in range(n):
                if arr[i] < arr[j] + arr[k]:
                    count += 1
    return count",O(n^3)
"def cubic_variant72(arr):
    # Triple loop to simulate vote aggregation across triplets
    votes = 0
    n = len(arr)
    for i in range(n):
        for j in range(n):
            for k in range(n):
                if arr[i] > arr[j] and arr[i] > arr[k]:
                    votes += 1
    return votes",O(n^3)
"def cubic_variant73(A):
    # 3D matrix multiplication variant (extra overhead)
    n = len(A)
    result = [[[0 for _ in range(n)] for _ in range(n)] for _ in range(n)]
    for i in range(n):
        for j in range(n):
            for k in range(n):
                result[i][j] += A[i][k] * A[k][j]
    return result",O(n^3)
"def cubic_variant74(arr):
    # Count triplets where the product is a perfect square
    count = 0
    n = len(arr)
    for i in range(n):
        for j in range(n):
            for k in range(n):
                prod = arr[i] * arr[j] * arr[k]
                if int(prod**0.5) ** 2 == prod:
                    count += 1
    return count",O(n^3)
"def cubic_variant75(matrix):
    # Rotate a 3D matrix (simulate cubic operation)
    n = len(matrix)
    rotated = [[[0]*n for _ in range(n)] for _ in range(n)]
    for i in range(n):
        for j in range(n):
            for k in range(n):
                rotated[k][j][i] = matrix[i][j][k]
    return rotated",O(n^3)
"def cubic_variant76(arr):
    # Triple loop to sum absolute differences between all triplet elements
    total = 0
    n = len(arr)
    for i in range(n):
        for j in range(n):
            for k in range(n):
                total += abs(arr[i]-arr[j])
    return total",O(n^3)
"def cubic_variant77(arr):
    # Compute average of all triplet sums
    total = 0
    count = 0
    n = len(arr)
    for i in range(n):
        for j in range(n):
            for k in range(n):
                total += arr[i] + arr[j] + arr[k]
                count += 1
    return total / count if count else 0",O(n^3)
"def cubic_variant78(arr):
    # Build a 3D list of pairwise differences from arr
    n = len(arr)
    diff_cube = [[[abs(arr[i]-arr[j]) for k in range(n)] for j in range(n)] for i in range(n)]
    return diff_cube",O(n^3)
"def cubic_variant79(arr):
    # Generate list of all triplet indices with their sum
    results = []
    n = len(arr)
    for i in range(n):
        for j in range(n):
            for k in range(n):
                results.append((i, j, k, arr[i]+arr[j]+arr[k]))
    return results",O(n^3)
"def cubic_variant80(arr):
    # Compute a convolution-like sum on 1D array using triple nested loops
    total = 0
    n = len(arr)
    for i in range(n):
        for j in range(n):
            for k in range(n):
                total += arr[(i+j+k) % n]
    return total",O(n^3)
"def cubic_variant81(arr):
    # Count triplets where at least one element is zero
    count = 0
    n = len(arr)
    for i in range(n):
        for j in range(n):
            for k in range(n):
                if arr[i] == 0 or arr[j] == 0 or arr[k] == 0:
                    count += 1
    return count",O(n^3)
"def cubic_variant82(arr):
    # Build a comma-separated string from every triplet of arr
    result = ''
    n = len(arr)
    for i in range(n):
        for j in range(n):
            for k in range(n):
                result += str(arr[i]) + ',' + str(arr[j]) + ',' + str(arr[k]) + ' '
    return result",O(n^3)
"def cubic_variant83(s):
    # Create a list of all 3-character substrings from s (allowing overlaps)
    substrings = []
    n = len(s)
    for i in range(n):
        for j in range(i, n):
            for k in range(j, n):
                substrings.append(s[i:k+1])
    return substrings",O(n^3)
"def cubic_variant84(arr):
    # Sum of (max - min) for every triplet in arr
    total = 0
    n = len(arr)
    for i in range(n):
        for j in range(n):
            for k in range(n):
                total += max(arr[i], arr[j], arr[k]) - min(arr[i], arr[j], arr[k])
    return total",O(n^3)
"def cubic_variant85(arr):
    # Trivial cubic loop: count total iterations
    total = 0
    n = len(arr)
    for i in range(n):
        for j in range(n):
            for k in range(n):
                total += 1
    return total",O(n^3)
"def cubic_variant86(arr):
    # Build a frequency dictionary of triplet sums
    freq = {}
    n = len(arr)
    for i in range(n):
        for j in range(n):
            for k in range(n):
                s = arr[i] + arr[j] + arr[k]
                freq[s] = freq.get(s, 0) + 1
    return freq",O(n^3)
"def cubic_variant87(arr):
    # Generate a list of averages for every triplet
    averages = []
    n = len(arr)
    for i in range(n):
        for j in range(n):
            for k in range(n):
                averages.append((arr[i] + arr[j] + arr[k]) / 3.0)
    return averages",O(n^3)
"def cubic_variant88(arr):
    # Triple loop: multiply triplet product and add constant 42
    total = 0
    n = len(arr)
    for i in range(n):
        for j in range(n):
            for k in range(n):
                total += arr[i] * arr[j] * arr[k] + 42
    return total",O(n^3)
"def cubic_variant89(arr):
    # Triple loop with a condition that is always false (for demonstration)
    count = 0
    n = len(arr)
    for i in range(n):
        for j in range(n):
            for k in range(n):
                if arr[i] > arr[j] and arr[j] > arr[k] and arr[k] > arr[i]:
                    count += 1
    return count",O(n^3)
"def cubic_variant90(arr):
    # Compute cumulative bitwise XOR over triplets
    total = 0
    n = len(arr)
    for i in range(n):
        for j in range(n):
            for k in range(n):
                total ^= arr[i] ^ arr[j] ^ arr[k]
    return total",O(n^3)
"def cubic_variant91(arr):
    # Map each triplet index to its corresponding triplet of values
    mapping = {}
    n = len(arr)
    for i in range(n):
        for j in range(n):
            for k in range(n):
                mapping[(i, j, k)] = (arr[i], arr[j], arr[k])
    return mapping",O(n^3)
"def cubic_variant92(arr):
    # Sum of pairwise products for each triplet
    total = 0
    n = len(arr)
    for i in range(n):
        for j in range(n):
            for k in range(n):
                total += (arr[i] * arr[j]) + (arr[j] * arr[k]) + (arr[i] * arr[k])
    return total",O(n^3)
"def cubic_variant93(arr):
    # Count triplets with sum below a threshold
    count = 0
    threshold = 50
    n = len(arr)
    for i in range(n):
        for j in range(n):
            for k in range(n):
                if arr[i] + arr[j] + arr[k] < threshold:
                    count += 1
    return count",O(n^3)
"def cubic_variant94(matrix):
    # Compute a custom metric: sum of products across rows and columns
    total = 0
    n = len(matrix)
    for i in range(n):
        for j in range(n):
            for k in range(n):
                total += matrix[i][j] * matrix[j][k] * matrix[k][i]
    return total",O(n^3)
"def cubic_variant95(arr):
    # Inefficient factorial-like product computed in a cubic loop
    result = 1
    n = len(arr)
    for i in range(n):
        for j in range(n):
            for k in range(n):
                result *= (arr[i] + 1)
    return result",O(n^3)
"def cubic_variant96(arr):
    # Check if any triplet of arr is in non-decreasing order
    n = len(arr)
    for i in range(n):
        for j in range(n):
            for k in range(n):
                if arr[i] <= arr[j] <= arr[k]:
                    return True
    return False",O(n^3)
"def cubic_variant97(arr):
    # Compute sum of differences of squares over triplets
    total = 0
    n = len(arr)
    for i in range(n):
        for j in range(n):
            for k in range(n):
                total += (arr[i]**2 - arr[j]**2) * (arr[j]**2 - arr[k]**2)
    return total",O(n^3)
"def cubic_variant98(arr):
    # Create a 3D list where each element is the sum of its indices and arr[i]
    n = len(arr)
    cube = [[[i + j + k + arr[i] for k in range(n)] for j in range(n)] for i in range(n)]
    return cube",O(n^3)
"def cubic_variant99(arr):
    # Compute a weighted cumulative sum of triplet indices
    total = 0
    n = len(arr)
    for i in range(n):
        for j in range(n):
            for k in range(n):
                total += (i * 1 + j * 2 + k * 3)
    return total",O(n^3)
"def cubic_variant100(arr):
    # Compute a complex function over triplets: sum of squared differences
    total = 0
    n = len(arr)
    for i in range(n):
        for j in range(n):
            for k in range(n):
                total += (arr[i] - arr[j])**2 + (arr[j] - arr[k])**2 + (arr[k] - arr[i])**2
    return total",O(n^3)
"def fib_naive(n):
    # NaÃ¯ve recursive Fibonacci (exponential time)
    if n <= 1:
        return n
    return fib_naive(n-1) + fib_naive(n-2)",O(2^n)
"def power_set_variant1(lst):
    # Generate all subsets (power set) recursively
    if not lst:
        return [ [] ]
    subsets = power_set_variant1(lst[1:])
    return subsets + [[lst[0]] + s for s in subsets]",O(2^n)
"def binary_strings(n):
    # Generate all binary strings of length n recursively
    if n == 0:
        return ['']
    smaller = binary_strings(n-1)
    return [s+'0' for s in smaller] + [s+'1' for s in smaller]",O(2^n)
"def subset_sum_exponential(nums, target, i=0):
    # Check if there is a subset sum equal to target (exponential recursion)
    if target == 0:
        return True
    if i >= len(nums):
        return False
    return subset_sum_exponential(nums, target-nums[i], i+1) or subset_sum_exponential(nums, target, i+1)",O(2^n)
"def exponential_recursion_variant1(n):
    # A recursion that makes two recursive calls without memoization
    if n <= 0:
        return 1
    return exponential_recursion_variant1(n-1) + exponential_recursion_variant1(n-1)",O(2^n)
"def catalan_naive(n):
    # NaÃ¯ve recursive Catalan numbers (exponential complexity)
    if n <= 1:
        return 1
    res = 0
    for i in range(n):
        res += catalan_naive(i) * catalan_naive(n-1-i)
    return res",O(2^n)
"def generate_all_configurations(n):
    # Recursively generate a configuration with two choices per step
    if n == 0:
        return ['']
    smaller = generate_all_configurations(n-1)
    return ['A' + s for s in smaller] + ['B' + s for s in smaller]",O(2^n)
"def exponential_subset(lst):
    # Another variant to generate power set
    if not lst:
        return [ [] ]
    rest = exponential_subset(lst[1:])
    return rest + [[lst[0]] + s for s in rest]",O(2^n)
"def count_binary_strings(n):
    # Count binary strings by recursively summing two branches
    if n == 0:
        return 1
    return count_binary_strings(n-1) + count_binary_strings(n-1)",O(2^n)
"def exponential_recursion_variant2(n):
    # Exponential recursion with branch factor 2
    if n <= 1:
        return n
    return exponential_recursion_variant2(n-1) + exponential_recursion_variant2(n-1) + 1",O(2^n)
"def generate_subsequences(s):
    # Recursively generate all subsequences of a string
    if s == '':
        return ['']
    subs = generate_subsequences(s[1:])
    return subs + [s[0] + sub for sub in subs]",O(2^n)
"def exponential_combination(lst):
    # Generate all combinations (each element either included or not)
    if not lst:
        return [[]]
    without_first = exponential_combination(lst[1:])
    return without_first + [[lst[0]] + combo for combo in without_first]",O(2^n)
"def naive_knapsack(weights, values, capacity, i=0):
    # NaÃ¯ve 0/1 knapsack using recursion (exponential)
    if i == len(weights):
        return 0
    if weights[i] > capacity:
        return naive_knapsack(weights, values, capacity, i+1)
    else:
        return max(naive_knapsack(weights, values, capacity, i+1),
                   values[i] + naive_knapsack(weights, values, capacity - weights[i], i+1))",O(2^n)
"def generate_parentheses(n):
    # Generate all valid combinations of n pairs of parentheses (exponential)
    if n == 0:
        return ['']
    result = []
    for i in range(n):
        for left in generate_parentheses(i):
            for right in generate_parentheses(n-1-i):
                result.append('(' + left + ')' + right)
    return result",O(2^n)
"def permutation_exponential(s):
    # Generate all permutations of a string using recursion (Note: O(n!) is super-exponential, but using binary-choice style returns 2^n subsets if we choose to include or not include a character)
    if s == '':
        return ['']
    prev = permutation_exponential(s[1:])
    return [p for p in prev] + [s[0] + p for p in prev]",O(2^n)
"def exponential_tree_recursion(depth):
    # Generate a binary tree of values recursively
    if depth == 0:
        return [0]
    left = exponential_tree_recursion(depth-1)
    right = exponential_tree_recursion(depth-1)
    return [1] + left + right",O(2^n)
"def exponential_count(n):
    # Recursively count with two recursive calls
    if n == 0:
        return 1
    return exponential_count(n-1) + exponential_count(n-1)",O(2^n)
"def recursive_subset_sum(nums, target, index=0):
    # Check for a subset with a given sum (exponential recursion)
    if target == 0:
        return True
    if index >= len(nums):
        return False
    return recursive_subset_sum(nums, target-nums[index], index+1) or recursive_subset_sum(nums, target, index+1)",O(2^n)
"def exponential_choice(n, current=''):
    # Generate all strings of length n using two characters
    if n == 0:
        return [current]
    return exponential_choice(n-1, current+'X') + exponential_choice(n-1, current+'Y')",O(2^n)
"def exponential_recursion_variant3(n):
    # Exponential recursion by splitting into two calls
    if n <= 1:
        return 1
    return 2 * exponential_recursion_variant3(n-1)",O(2^n)
"def generate_all_subsets(lst):
    # Traditional power set generator
    if not lst:
        return [[]]
    rest = generate_all_subsets(lst[1:])
    return rest + [[lst[0]] + subset for subset in rest]",O(2^n)
"def exponential_partition(n):
    # A recursive partition function without memoization (exponential)
    if n == 0:
        return 1
    total = 0
    for i in range(1, n+1):
        total += exponential_partition(n-i)
    return total",O(2^n)
"def exponential_decision_tree(lst, i=0):
    # Make a binary decision at each element
    if i == len(lst):
        return 1
    return exponential_decision_tree(lst, i+1) + exponential_decision_tree(lst, i+1)",O(2^n)
"def exponential_recursion_variant4(n):
    # Recursive function that calls itself twice
    if n <= 0:
        return 0
    return exponential_recursion_variant4(n-1) + exponential_recursion_variant4(n-1) + n",O(2^n)
"def generate_all_combinations(n):
    # Recursively generate all combinations of 0s and 1s of length n
    if n == 0:
        return ['']
    result = []
    for s in generate_all_combinations(n-1):
        result.append('0' + s)
        result.append('1' + s)
    return result",O(2^n)
"def exponential_recursive_sum(n):
    # Sum that is computed by two recursive calls per level
    if n <= 1:
        return n
    return exponential_recursive_sum(n-1) + exponential_recursive_sum(n-1) + 1",O(2^n)
"def recursive_power_set(lst):
    # Recursively compute the power set (another variant)
    if not lst:
        return [ [] ]
    subsets = recursive_power_set(lst[1:])
    return subsets + [ [lst[0]] + subset for subset in subsets ]",O(2^n)
"def exponential_recursion_variant5(n):
    # Simple recursion with duplicate calls
    if n <= 0:
        return 1
    return exponential_recursion_variant5(n-1) + exponential_recursion_variant5(n-1)",O(2^n)
"def fib_recursive_exponential(n):
    # NaÃ¯ve Fibonacci using recursion (exponential)
    if n <= 1:
        return n
    return fib_recursive_exponential(n-1) + fib_recursive_exponential(n-2)",O(2^n)
"def generate_all_binary_choices(lst):
    # For each element, choose to include or not
    if not lst:
        return [ [] ]
    choices = generate_all_binary_choices(lst[1:])
    return choices + [[lst[0]] + c for c in choices]",O(2^n)
"def exponential_string_build(n):
    # Build all strings of length n from a two-letter alphabet
    if n == 0:
        return ['']
    smaller = exponential_string_build(n-1)
    return [s + 'a' for s in smaller] + [s + 'b' for s in smaller]",O(2^n)
"def exponential_combination_variant(lst):
    # Generate all combinations (variant with slicing)
    if lst == []:
        return [[]]
    without_first = exponential_combination_variant(lst[1:])
    with_first = [[lst[0]] + comb for comb in without_first]
    return with_first + without_first",O(2^n)
"def recursive_binary_count(n):
    # Count number of binary sequences of length n recursively
    if n == 0:
        return 1
    return recursive_binary_count(n-1) + recursive_binary_count(n-1)",O(2^n)
"def exponential_sum(lst, i=0):
    # Recursively sum two branches, exploring all subsets
    if i == len(lst):
        return 0
    return exponential_sum(lst, i+1) + lst[i] + exponential_sum(lst, i+1)",O(2^n)
"def generate_all_arrangements(n):
    # Generate all arrangements as binary strings of length n
    if n == 0:
        return ['']
    return [ '0'+s for s in generate_all_arrangements(n-1) ] + [ '1'+s for s in generate_all_arrangements(n-1) ]",O(2^n)
"def exponential_recursion_variant6(n):
    # Two recursive calls per level (slightly different base case)
    if n == 0:
        return 1
    return 2 * exponential_recursion_variant6(n-1)",O(2^n)
"def generate_power_set(lst):
    # Return the power set by recursive splitting
    if not lst:
        return [ [] ]
    tail = generate_power_set(lst[1:])
    return tail + [[lst[0]] + subset for subset in tail]",O(2^n)
"def naive_exponential_partition(n):
    # Recursively partition an integer (exponential without memoization)
    if n == 0:
        return 1
    count = 0
    for i in range(1, n+1):
        count += naive_exponential_partition(n-i)
    return count",O(2^n)
"def exponential_binary_tree(n):
    # Build a binary tree recursively with two calls per node
    if n == 0:
        return 'leaf'
    left = exponential_binary_tree(n-1)
    right = exponential_binary_tree(n-1)
    return (left, right)",O(2^n)
"def recursive_subset(lst):
    # Generate all subsets recursively (variant)
    if not lst:
        return [[]]
    subs = recursive_subset(lst[1:])
    return subs + [[lst[0]] + sub for sub in subs]",O(2^n)
"def exponential_string_subsets(s):
    # Generate all subsets of a string
    if s == '':
        return ['']
    rest = exponential_string_subsets(s[1:])
    return rest + [s[0] + r for r in rest]",O(2^n)
"def exponential_decision(n):
    # Make binary decisions in recursion
    if n == 0:
        return 1
    return exponential_decision(n-1) + exponential_decision(n-1)",O(2^n)
"def generate_all_masks(n):
    # Generate all bit masks of length n
    if n == 0:
        return ['']
    smaller = generate_all_masks(n-1)
    return [mask + '0' for mask in smaller] + [mask + '1' for mask in smaller]",O(2^n)
"def exponential_recursion_variant7(n):
    # Recursive function with two calls and additional work
    if n <= 0:
        return 0
    return exponential_recursion_variant7(n-1) + exponential_recursion_variant7(n-1) + 1",O(2^n)
"def generate_all_combinations_variant(lst):
    # Alternative power set generation using recursion
    if not lst:
        return [ [] ]
    without = generate_all_combinations_variant(lst[1:])
    with_elem = [[lst[0]] + x for x in without]
    return with_elem + without",O(2^n)
"def exponential_choice_variant(n):
    # Create all sequences using 'A' and 'B'
    if n == 0:
        return ['']
    prev = exponential_choice_variant(n-1)
    return [s+'A' for s in prev] + [s+'B' for s in prev]",O(2^n)
"def recursive_binary_expansion(n):
    # Recursively expand to all choices
    if n <= 0:
        return ['']
    return [ '0' + s for s in recursive_binary_expansion(n-1) ] + [ '1' + s for s in recursive_binary_expansion(n-1) ]",O(2^n)
"def exponential_recursive_print(n):
    # Recursively print all sequences of length n
    if n == 0:
        return
    exponential_recursive_print(n-1)
    exponential_recursive_print(n-1)
    print(n)",O(2^n)
"def generate_all_colorings(n):
    # Generate all colorings (e.g., 'red' or 'blue') for n items
    if n == 0:
        return ['']
    smaller = generate_all_colorings(n-1)
    return ['red ' + s for s in smaller] + ['blue ' + s for s in smaller]",O(2^n)
"def exponential_combinations(n):
    # Compute number of combinations recursively (without memoization)
    if n == 0:
        return 1
    return exponential_combinations(n-1) + exponential_combinations(n-1)",O(2^n)
"def recursive_coin_toss(n):
    # Generate all possible outcomes of n coin tosses
    if n == 0:
        return ['']
    outcomes = recursive_coin_toss(n-1)
    return [o + 'H' for o in outcomes] + [o + 'T' for o in outcomes]",O(2^n)
"def exponential_recursion_variant8(n):
    # Another simple doubling recursion
    if n == 0:
        return 1
    return 2 * exponential_recursion_variant8(n-1)",O(2^n)
"def recursive_decision_maker(choices, n):
    # Recursively decide among two choices for n steps
    if n == 0:
        return ['']
    result = []
    for choice in choices:
        for s in recursive_decision_maker(choices, n-1):
            result.append(choice + s)
    return result",O(2^n)
"def recursive_brute_force(n):
    # Recursively call itself twice
    if n == 0:
        return 0
    return recursive_brute_force(n-1) + recursive_brute_force(n-1) + n",O(2^n)
"def exponential_recursion_variant9(n):
    # Variation with constant addition
    if n <= 1:
        return n
    return exponential_recursion_variant9(n-1) + exponential_recursion_variant9(n-1) + 2",O(2^n)
"def generate_all_options(n):
    # Recursively generate all options from a two-choice set
    if n == 0:
        return ['']
    options = generate_all_options(n-1)
    return [o + 'option1' for o in options] + [o + 'option2' for o in options]",O(2^n)
"def exponential_partition_variant(n):
    # Recursively compute integer partitions in a naive way
    if n == 0:
        return 1
    total = 0
    for i in range(1, n+1):
        total += exponential_partition_variant(n-i)
    return total",O(2^n)
"def recursive_string_combinations(s):
    # Recursively generate all combinations of characters in s
    if s == '':
        return ['']
    combos = recursive_string_combinations(s[1:])
    return combos + [s[0] + c for c in combos]",O(2^n)
"def naive_subset_generator(lst):
    # Recursively generate all subsets (alternative formatting)
    if len(lst) == 0:
        return [ [] ]
    rest = naive_subset_generator(lst[1:])
    return rest + [[lst[0]] + subset for subset in rest]",O(2^n)
"def exponential_choice_recursion(n):
    # Recursively generate all sequences from two symbols
    if n == 0:
        return ['']
    res = exponential_choice_recursion(n-1)
    return [ 'X' + s for s in res ] + [ 'Y' + s for s in res ]",O(2^n)
"def exponential_logic(n):
    # Example function that doubles its recursive calls
    if n <= 1:
        return True
    return exponential_logic(n-1) and exponential_logic(n-1)",O(2^n)
"def recursive_subset_sum_variant(nums, target, idx=0):
    # Variant of subset sum using recursion (exponential)
    if target == 0:
        return True
    if idx == len(nums):
        return False
    return recursive_subset_sum_variant(nums, target-nums[idx], idx+1) or recursive_subset_sum_variant(nums, target, idx+1)",O(2^n)
"def generate_all_tuples(lst):
    # Generate all tuples (each element chosen or not) of elements in lst
    if not lst:
        return [()]
    tuples_rest = generate_all_tuples(lst[1:])
    return tuples_rest + [(lst[0],) + t for t in tuples_rest]",O(2^n)
"def exponential_recursion_variant10(n):
    # Yet another two-call recursion variant
    if n <= 0:
        return 0
    return exponential_recursion_variant10(n-1) + exponential_recursion_variant10(n-1) + 3",O(2^n)
"def generate_all_paths(n):
    # Generate all paths for a binary decision process of length n
    if n == 0:
        return ['']
    paths = generate_all_paths(n-1)
    return [ 'L' + p for p in paths ] + [ 'R' + p for p in paths ]",O(2^n)
"def exponential_branching(n):
    # Multiply two recursive calls at each level
    if n == 0:
        return 1
    return exponential_branching(n-1) * exponential_branching(n-1)",O(2^n)
"def recursive_combinatorial(n):
    # Recursively compute a combinatorial value with two recursive calls per level
    if n == 0:
        return 1
    return recursive_combinatorial(n-1) + recursive_combinatorial(n-1)",O(2^n)
"def exponential_decision_tree_variant(data, i=0):
    # Traverse a decision tree where each node has 2 branches
    if i == len(data):
        return ['']
    branches = exponential_decision_tree_variant(data, i+1)
    return [data[i] + branch for branch in branches] + branches",O(2^n)
"def naive_exponential_function(n):
    # Simple recursive exponential function
    if n <= 1:
        return 1
    return naive_exponential_function(n-1) + naive_exponential_function(n-1)",O(2^n)
"def generate_all_substrings(s):
    # Generate all nonempty substrings of s by choosing start and end (using recursion in one dimension can be forced to 2^n by considering include/exclude for each char)
    if s == '':
        return ['']
    subs = generate_all_substrings(s[1:])
    return subs + [s[0] + sub for sub in subs]",O(2^n)
"def exponential_memo_free(n):
    # Exponential recursion without memoization (a dummy computation)
    if n <= 1:
        return n
    return exponential_memo_free(n-1) + exponential_memo_free(n-1)",O(2^n)
"def recursive_bit_combinations(n):
    # Generate all n-bit combinations
    if n == 0:
        return ['']
    smaller = recursive_bit_combinations(n-1)
    return [ '0'+s for s in smaller ] + [ '1'+s for s in smaller ]",O(2^n)
"def recursive_path_generator(n):
    # Generate all paths in a 2-choice maze of length n
    if n == 0:
        return ['']
    paths = recursive_path_generator(n-1)
    return ['U'+p for p in paths] + ['D'+p for p in paths]",O(2^n)
"def exponential_brute_force_search(n):
    # Brute force search by checking all binary strings of length n
    if n == 0:
        return ['']
    small = exponential_brute_force_search(n-1)
    return [s+'0' for s in small] + [s+'1' for s in small]",O(2^n)
"def recursive_combinations(n):
    # Recursively compute all combinations of a two-choice decision process of length n
    if n == 0:
        return ['']
    sub = recursive_combinations(n-1)
    return [ 'A'+s for s in sub ] + [ 'B'+s for s in sub ]",O(2^n)
"def exponential_permutation_variant(s):
    # Generate all sequences of choices (variant over a string s)
    if s == '':
        return ['']
    rest = exponential_permutation_variant(s[1:])
    return rest + [s[0] + r for r in rest]",O(2^n)
"def recursive_boolean_sequences(n):
    # Generate all boolean sequences of length n (True/False choices)
    if n == 0:
        return [[]]
    seq = recursive_boolean_sequences(n-1)
    return [ [True]+s for s in seq ] + [ [False]+s for s in seq ]",O(2^n)
"def exponential_choice_generator(n):
    # Generate all choices from a set of two elements for n positions
    if n == 0:
        return ['']
    choices = exponential_choice_generator(n-1)
    return [ 'X' + c for c in choices ] + [ 'Y' + c for c in choices ]",O(2^n)
"def recursive_sum_choices(nums, i=0):
    # Compute sum over all choices to include or exclude each number
    if i == len(nums):
        return 0
    return recursive_sum_choices(nums, i+1) + nums[i] + recursive_sum_choices(nums, i+1)",O(2^n)
"def exponential_decision_maker_variant(lst, idx=0):
    # Generate strings by deciding to include each element or not
    if idx == len(lst):
        return ['']
    rest = exponential_decision_maker_variant(lst, idx+1)
    return rest + [str(lst[idx]) + s for s in rest]",O(2^n)
"def generate_all_configurations_variant(n):
    # Generate all configurations of n positions with two options
    if n == 0:
        return ['']
    smaller = generate_all_configurations_variant(n-1)
    return [ '0'+s for s in smaller ] + [ '1'+s for s in smaller ]",O(2^n)
"def exponential_product(n):
    # Multiply two recursive calls to simulate exponential growth
    if n <= 0:
        return 1
    return exponential_product(n-1) * exponential_product(n-1)",O(2^n)
"def recursive_two_branch(n):
    # Very simple two-branch recursion
    if n <= 0:
        return 1
    return recursive_two_branch(n-1) + recursive_two_branch(n-1)",O(2^n)
"def generate_all_variants(n):
    # Generate all variants of a list of two symbols of length n
    if n == 0:
        return ['']
    prev = generate_all_variants(n-1)
    return [ 'A' + x for x in prev ] + [ 'B' + x for x in prev ]",O(2^n)
"def exponential_recursion_variant11(n):
    # Recursion with two calls per level and a constant added
    if n <= 0:
        return 0
    return exponential_recursion_variant11(n-1) + exponential_recursion_variant11(n-1) + 5",O(2^n)
"def recursive_choice(lst):
    # Recursively choose an element or skip it (generating 2^len(lst) outcomes)
    if not lst:
        return ['']
    rest = recursive_choice(lst[1:])
    return rest + [lst[0] + r for r in rest]",O(2^n)
"def exponential_recursive_branch(n):
    # Recursive function with two calls illustrating exponential time
    if n <= 1:
        return 1
    return exponential_recursive_branch(n-1) + exponential_recursive_branch(n-1) + 2",O(2^n)
"def generate_all_bitstrings(n):
    # Generate all bit strings of length n
    if n == 0:
        return ['']
    smaller = generate_all_bitstrings(n-1)
    return [ '0'+s for s in smaller ] + [ '1'+s for s in smaller ]",O(2^n)
"def exponential_bruteforce(n):
    # A dummy function that recurses twice per call
    if n <= 0:
        return 0
    return exponential_bruteforce(n-1) + exponential_bruteforce(n-1) + 1",O(2^n)
"def recursive_pattern_gen(n):
    # Generate all patterns of 'A' and 'B' of length n
    if n == 0:
        return ['']
    patterns = recursive_pattern_gen(n-1)
    return [ 'A'+p for p in patterns ] + [ 'B'+p for p in patterns ]",O(2^n)
"def exponential_variant(lst):
    # Another variant to generate power set
    if not lst:
        return [[]]
    tail = exponential_variant(lst[1:])
    return tail + [[lst[0]] + s for s in tail]",O(2^n)
"def recursive_double_call(n):
    # A simple recursive function with two calls per level
    if n == 0:
        return 1
    return recursive_double_call(n-1) + recursive_double_call(n-1)",O(2^n)
"def recursive_option_tree(n):
    # Build a decision tree with two options at each level
    if n == 0:
        return ['']
    left = recursive_option_tree(n-1)
    right = recursive_option_tree(n-1)
    return [ 'L'+p for p in left ] + [ 'R'+p for p in right ]",O(2^n)
"def exponential_recursion_variant12(n):
    # Variant with base case n==0 returns 1 and two recursive calls
    if n == 0:
        return 1
    return exponential_recursion_variant12(n-1) + exponential_recursion_variant12(n-1)",O(2^n)
"def generate_all_sequences(n):
    # Generate all sequences of two symbols for n positions
    if n == 0:
        return ['']
    seq = generate_all_sequences(n-1)
    return [ '0'+s for s in seq ] + [ '1'+s for s in seq ]",O(2^n)
"def recursive_all_options(lst):
    # Recursively generate all options from lst by inclusion/exclusion
    if not lst:
        return [[]]
    without = recursive_all_options(lst[1:])
    with_element = [[lst[0]] + s for s in without]
    return with_element + without",O(2^n)
"def naive_exponential_solver(n):
    # A dummy exponential solver
    if n <= 0:
        return 0
    return naive_exponential_solver(n-1) + naive_exponential_solver(n-1) + n",O(2^n)
"def nested_loop_variant1(m, n):
    # Sums the chosen indices
    total = 0
    def rec(depth, current):
        nonlocal total
        if depth == m:
            total += sum(current)
        else:
            for i in range(n):
                rec(depth+1, current + [i])
    rec(0, [])
    return total",O(n^m)
"def nested_loop_variant2(m, n):
    # Counts the total number of complete mâlevel sequences
    total = 0
    def rec(depth):
        nonlocal total
        if depth == m:
            total += 1
        else:
            for i in range(n):
                rec(depth+1)
    rec(0)
    return total",O(n^m)
"def nested_loop_variant3(m, n):
    # Sums the product (over each complete sequence) of the chosen indices
    def prod(lst):
        p = 1
        for x in lst:
            p *= x
        return p
    total = 0
    def rec(depth, current):
        nonlocal total
        if depth == m:
            total += prod(current)
        else:
            for i in range(n):
                rec(depth+1, current + [i])
    rec(0, [])
    return total",O(n^m)
"def nested_loop_variant4(m, n):
    # Computes the length of the concatenated string of the chosen indices
    total = 0
    def rec(depth, current):
        nonlocal total
        if depth == m:
            s = ''.join(str(x) for x in current)
            total += len(s)
        else:
            for i in range(n):
                rec(depth+1, current + [i])
    rec(0, [])
    return total",O(n^m)
"def nested_loop_variant5(m, n):
    # Sums the squares of each chosen index
    total = 0
    def rec(depth, current):
        nonlocal total
        if depth == m:
            total += sum(x*x for x in current)
        else:
            for i in range(n):
                rec(depth+1, current + [i])
    rec(0, [])
    return total",O(n^m)
"def nested_loop_variant6(m, n):
    # Sums the difference between max and min of the chosen indices (if non-empty)
    total = 0
    def rec(depth, current):
        nonlocal total
        if depth == m:
            if current:
                total += max(current) - min(current)
        else:
            for i in range(n):
                rec(depth+1, current + [i])
    rec(0, [])
    return total",O(n^m)
"def nested_loop_variant7(m, n):
    # Counts the number of even numbers among the chosen indices
    total = 0
    def rec(depth, current):
        nonlocal total
        if depth == m:
            total += sum(1 for x in current if x % 2 == 0)
        else:
            for i in range(n):
                rec(depth+1, current + [i])
    rec(0, [])
    return total",O(n^m)
"def nested_loop_variant8(m, n):
    # Sums the product of sum(current) and the current depth
    total = 0
    def rec(depth, current):
        nonlocal total
        if depth == m:
            total += sum(current) * depth
        else:
            for i in range(n):
                rec(depth+1, current + [i])
    rec(0, [])
    return total",O(n^m)
"def nested_loop_variant9(m, n):
    # Increments total if the sum of chosen indices is even
    total = 0
    def rec(depth, current):
        nonlocal total
        if depth == m:
            if sum(current) % 2 == 0:
                total += 1
        else:
            for i in range(n):
                rec(depth+1, current + [i])
    rec(0, [])
    return total",O(n^m)
"def nested_loop_variant10(m, n):
    # Adds factorial of the sum of chosen indices
    import math
    total = 0
    def rec(depth, current):
        nonlocal total
        if depth == m:
            total += math.factorial(sum(current))
        else:
            for i in range(n):
                rec(depth+1, current + [i])
    rec(0, [])
    return total",O(n^m)
"def nested_loop_variant11(m, n):
    # Sums the cubes of the chosen indices
    total = 0
    def rec(depth, current):
        nonlocal total
        if depth == m:
            total += sum(x**3 for x in current)
        else:
            for i in range(n):
                rec(depth+1, current + [i])
    rec(0, [])
    return total",O(n^m)
"def nested_loop_variant12(m, n):
    # Sums the count of distinct values in the chosen indices
    total = 0
    def rec(depth, current):
        nonlocal total
        if depth == m:
            total += len(set(current))
        else:
            for i in range(n):
                rec(depth+1, current + [i])
    rec(0, [])
    return total",O(n^m)
"def nested_loop_variant13(m, n):
    # Adds the product of the sum and the length of the chosen indices
    total = 0
    def rec(depth, current):
        nonlocal total
        if depth == m:
            total += sum(current) * len(current)
        else:
            for i in range(n):
                rec(depth+1, current + [i])
    rec(0, [])
    return total",O(n^m)
"def nested_loop_variant14(m, n):
    # Sums the differences between adjacent chosen indices
    total = 0
    def rec(depth, current):
        nonlocal total
        if depth == m and len(current) > 1:
            total += sum(abs(current[i] - current[i-1]) for i in range(1, len(current)))
        elif depth == m:
            total += 0
        else:
            for i in range(n):
                rec(depth+1, current + [i])
    rec(0, [])
    return total",O(n^m)
"def nested_loop_variant15(m, n):
    # If a complete sequence is built, add its first element (or 0 if empty)
    total = 0
    def rec(depth, current):
        nonlocal total
        if depth == m:
            total += current[0] if current else 0
        else:
            for i in range(n):
                rec(depth+1, current + [i])
    rec(0, [])
    return total",O(n^m)
"def nested_loop_variant16(m, n):
    # Adds square of the maximum chosen index (if available)
    total = 0
    def rec(depth, current):
        nonlocal total
        if depth == m:
            if current:
                total += max(current)**2
        else:
            for i in range(n):
                rec(depth+1, current + [i])
    rec(0, [])
    return total",O(n^m)
"def nested_loop_variant17(m, n):
    # Adds square of the minimum chosen index (if available)
    total = 0
    def rec(depth, current):
        nonlocal total
        if depth == m:
            if current:
                total += min(current)**2
        else:
            for i in range(n):
                rec(depth+1, current + [i])
    rec(0, [])
    return total",O(n^m)
"def nested_loop_variant18(m, n):
    # Counts the number of primes in the chosen indices
    def is_prime(x):
        if x < 2:
            return False
        for i in range(2, int(x**0.5)+1):
            if x % i == 0:
                return False
        return True
    total = 0
    def rec(depth, current):
        nonlocal total
        if depth == m:
            total += sum(1 for x in current if is_prime(x))
        else:
            for i in range(n):
                rec(depth+1, current + [i])
    rec(0, [])
    return total",O(n^m)
"def nested_loop_variant19(m, n):
    # Sums the value of each chosen index modulo (depth+1)
    total = 0
    def rec(depth, current):
        nonlocal total
        if depth == m:
            total += sum(x % (depth+1) for x in current)
        else:
            for i in range(n):
                rec(depth+1, current + [i])
    rec(0, [])
    return total",O(n^m)
"def nested_loop_variant20(m, n):
    # Converts the chosen indices to a binary string and adds its integer value
    total = 0
    def rec(depth, current):
        nonlocal total
        if depth == m:
            s = ''.join('1' if x%2==0 else '0' for x in current)
            total += int(s, 2)
        else:
            for i in range(n):
                rec(depth+1, current + [i])
    rec(0, [])
    return total",O(n^m)
"def nested_loop_variant21(m, n):
    # If the sum of chosen indices is > 10, adds 1; otherwise subtracts 1
    total = 0
    def rec(depth, current):
        nonlocal total
        if depth == m:
            total += 1 if sum(current) > 10 else -1
        else:
            for i in range(n):
                rec(depth+1, current + [i])
    rec(0, [])
    return total",O(n^m)
"def nested_loop_variant22(m, n):
    # Adds the sum of chosen indices multiplied by m
    total = 0
    def rec(depth, current):
        nonlocal total
        if depth == m:
            total += sum(current) * m
        else:
            for i in range(n):
                rec(depth+1, current + [i])
    rec(0, [])
    return total",O(n^m)
"def nested_loop_variant23(m, n):
    # Sums the square of the sum of the chosen indices
    total = 0
    def rec(depth, current):
        nonlocal total
        if depth == m:
            s = sum(current)
            total += s * s
        else:
            for i in range(n):
                rec(depth+1, current + [i])
    rec(0, [])
    return total",O(n^m)
"def nested_loop_variant24(m, n):
    # Adds the cube of the length of the chosen list (which is just m^3)
    total = 0
    def rec(depth, current):
        nonlocal total
        if depth == m:
            total += len(current)**3
        else:
            for i in range(n):
                rec(depth+1, current + [i])
    rec(0, [])
    return total",O(n^m)
"def nested_loop_variant25(m, n):
    # If there are at least 2 elements, adds the product of the first two; else adds 0
    total = 0
    def rec(depth, current):
        nonlocal total
        if depth == m:
            if len(current) >= 2:
                total += current[0] * current[1]
            else:
                total += 0
        else:
            for i in range(n):
                rec(depth+1, current + [i])
    rec(0, [])
    return total",O(n^m)
"def nested_loop_variant26(m, n):
    # Adds the sum of the first and last element of the chosen list if non-empty
    total = 0
    def rec(depth, current):
        nonlocal total
        if depth == m:
            if current:
                total += current[0] + current[-1]
        else:
            for i in range(n):
                rec(depth+1, current + [i])
    rec(0, [])
    return total",O(n^m)
"def nested_loop_variant27(m, n):
    # Adds the square of the difference between the first and last elements
    total = 0
    def rec(depth, current):
        nonlocal total
        if depth == m:
            if current:
                total += (current[0] - current[-1])**2
        else:
            for i in range(n):
                rec(depth+1, current + [i])
    rec(0, [])
    return total",O(n^m)
"def nested_loop_variant28(m, n):
    # Adds the sum of chosen indices modulo (m+1)
    total = 0
    def rec(depth, current):
        nonlocal total
        if depth == m:
            total += sum(current) % (m+1)
        else:
            for i in range(n):
                rec(depth+1, current + [i])
    rec(0, [])
    return total",O(n^m)
"def nested_loop_variant29(m, n):
    # Increases total by 1 if the chosen sequence is a palindrome (as a list)
    total = 0
    def rec(depth, current):
        nonlocal total
        if depth == m:
            if current == current[::-1]:
                total += 1
        else:
            for i in range(n):
                rec(depth+1, current + [i])
    rec(0, [])
    return total",O(n^m)
"def nested_loop_variant30(m, n):
    # Adds the smallest element of the chosen sequence (if exists), from its sorted order
    total = 0
    def rec(depth, current):
        nonlocal total
        if depth == m:
            if current:
                total += sorted(current)[0]
        else:
            for i in range(n):
                rec(depth+1, current + [i])
    rec(0, [])
    return total",O(n^m)
"def nested_loop_variant31(m, n):
    # Adds the largest element of the chosen sequence (if exists)
    total = 0
    def rec(depth, current):
        nonlocal total
        if depth == m:
            if current:
                total += sorted(current)[-1]
        else:
            for i in range(n):
                rec(depth+1, current + [i])
    rec(0, [])
    return total",O(n^m)
"def nested_loop_variant32(m, n):
    # Adds the product of the sum of chosen indices and the length of the sequence
    total = 0
    def rec(depth, current):
        nonlocal total
        if depth == m:
            total += sum(current) * len(current)
        else:
            for i in range(n):
                rec(depth+1, current + [i])
    rec(0, [])
    return total",O(n^m)
"def nested_loop_variant33(m, n):
    # Adds the sum of maximum and minimum of the chosen sequence (if exists)
    total = 0
    def rec(depth, current):
        nonlocal total
        if depth == m:
            if current:
                total += (max(current) if current else 0) + (min(current) if current else 0)
        else:
            for i in range(n):
                rec(depth+1, current + [i])
    rec(0, [])
    return total",O(n^m)
"def nested_loop_variant34(m, n):
    # Sums the cube of the sum of chosen indices
    total = 0
    def rec(depth, current):
        nonlocal total
        if depth == m:
            s = sum(current)
            total += s**3
        else:
            for i in range(n):
                rec(depth+1, current + [i])
    rec(0, [])
    return total",O(n^m)
"def nested_loop_variant35(m, n):
    # If there are at least 2 elements, adds product of the first two; otherwise 0
    total = 0
    def rec(depth, current):
        nonlocal total
        if depth == m:
            total += current[0] * current[1] if len(current) >= 2 else 0
        else:
            for i in range(n):
                rec(depth+1, current + [i])
    rec(0, [])
    return total",O(n^m)
"def nested_loop_variant36(m, n):
    # Adds 1 if all chosen indices are even
    total = 0
    def rec(depth, current):
        nonlocal total
        if depth == m:
            if all(x % 2 == 0 for x in current):
                total += 1
        else:
            for i in range(n):
                rec(depth+1, current + [i])
    rec(0, [])
    return total",O(n^m)
"def nested_loop_variant37(m, n):
    # Adds 1 if all chosen indices are odd
    total = 0
    def rec(depth, current):
        nonlocal total
        if depth == m:
            if all(x % 2 == 1 for x in current):
                total += 1
        else:
            for i in range(n):
                rec(depth+1, current + [i])
    rec(0, [])
    return total",O(n^m)
"def nested_loop_variant38(m, n):
    # Adds the absolute difference between max and min of chosen indices
    total = 0
    def rec(depth, current):
        nonlocal total
        if depth == m:
            if current:
                total += abs(max(current) - min(current))
        else:
            for i in range(n):
                rec(depth+1, current + [i])
    rec(0, [])
    return total",O(n^m)
"def nested_loop_variant39(m, n):
    # Adds (max - min) of chosen indices (or 0 if empty)
    total = 0
    def rec(depth, current):
        nonlocal total
        if depth == m:
            if current:
                total += (max(current) - min(current))
            else:
                total += 0
        else:
            for i in range(n):
                rec(depth+1, current + [i])
    rec(0, [])
    return total",O(n^m)
"def nested_loop_variant40(m, n):
    # Adds the square root of the sum of chosen indices
    import math
    total = 0
    def rec(depth, current):
        nonlocal total
        if depth == m:
            total += math.sqrt(sum(current))
        else:
            for i in range(n):
                rec(depth+1, current + [i])
    rec(0, [])
    return total",O(n^m)
"def nested_loop_variant41(m, n):
    # Adds the rounded average of the chosen indices
    total = 0
    def rec(depth, current):
        nonlocal total
        if depth == m:
            avg = sum(current) / (len(current) or 1)
            total += round(avg)
        else:
            for i in range(n):
                rec(depth+1, current + [i])
    rec(0, [])
    return total",O(n^m)
"def nested_loop_variant42(m, n):
    # Adds the number of unique values in the chosen indices
    total = 0
    def rec(depth, current):
        nonlocal total
        if depth == m:
            total += len(set(current))
        else:
            for i in range(n):
                rec(depth+1, current + [i])
    rec(0, [])
    return total",O(n^m)
"def nested_loop_variant43(m, n):
    # Adds the square of the length of the chosen sequence
    total = 0
    def rec(depth, current):
        nonlocal total
        if depth == m:
            total += (len(current))**2
        else:
            for i in range(n):
                rec(depth+1, current + [i])
    rec(0, [])
    return total",O(n^m)
"def nested_loop_variant44(m, n):
    # Doubles the sum of the chosen indices
    total = 0
    def rec(depth, current):
        nonlocal total
        if depth == m:
            total += 2 * sum(current)
        else:
            for i in range(n):
                rec(depth+1, current + [i])
    rec(0, [])
    return total",O(n^m)
"def nested_loop_variant45(m, n):
    # Adds the sum of the chosen indices plus m
    total = 0
    def rec(depth, current):
        nonlocal total
        if depth == m:
            total += sum(current) + m
        else:
            for i in range(n):
                rec(depth+1, current + [i])
    rec(0, [])
    return total",O(n^m)
"def nested_loop_variant46(m, n):
    # Adds the difference between the sum of squares and the sum of chosen indices
    total = 0
    def rec(depth, current):
        nonlocal total
        if depth == m:
            total += sum(x*x for x in current) - sum(current)
        else:
            for i in range(n):
                rec(depth+1, current + [i])
    rec(0, [])
    return total",O(n^m)
"def nested_loop_variant47(m, n):
    # Adds the absolute value of the sum of chosen indices
    total = 0
    def rec(depth, current):
        nonlocal total
        if depth == m:
            total += abs(sum(current))
        else:
            for i in range(n):
                rec(depth+1, current + [i])
    rec(0, [])
    return total",O(n^m)
"def nested_loop_variant48(m, n):
    # Adds the square of the maximum chosen index (if available)
    total = 0
    def rec(depth, current):
        nonlocal total
        if depth == m:
            total += (max(current)**2 if current else 0)
        else:
            for i in range(n):
                rec(depth+1, current + [i])
    rec(0, [])
    return total",O(n^m)
"def nested_loop_variant49(m, n):
    # Adds the square of the minimum chosen index (if available)
    total = 0
    def rec(depth, current):
        nonlocal total
        if depth == m:
            total += (min(current)**2 if current else 0)
        else:
            for i in range(n):
                rec(depth+1, current + [i])
    rec(0, [])
    return total",O(n^m)
"def nested_loop_variant50(m, n):
    # Adds the sum of chosen indices modulo (n+1)
    total = 0
    def rec(depth, current):
        nonlocal total
        if depth == m:
            total += sum(current) % (n+1)
        else:
            for i in range(n):
                rec(depth+1, current + [i])
    rec(0, [])
    return total",O(n^m)
"def nested_loop_variant51(m, n):
    # Increments total by 1 if the sum of chosen indices is positive
    total = 0
    def rec(depth, current):
        nonlocal total
        if depth == m:
            total += 1 if sum(current) > 0 else 0
        else:
            for i in range(n):
                rec(depth+1, current + [i])
    rec(0, [])
    return total",O(n^m)
"def nested_loop_variant52(m, n):
    # Always adds 1 (for each complete sequence)
    total = 0
    def rec(depth):
        nonlocal total
        if depth == m:
            total += 1
        else:
            for i in range(n):
                rec(depth+1)
    rec(0)
    return total",O(n^m)
"def nested_loop_variant53(m, n):
    # Sums the first and last element of the chosen sequence if non-empty
    total = 0
    def rec(depth, current):
        nonlocal total
        if depth == m:
            if current:
                total += current[0] + current[-1]
        else:
            for i in range(n):
                rec(depth+1, current + [i])
    rec(0, [])
    return total",O(n^m)
"def nested_loop_variant54(m, n):
    # Adds the square of the smallest element of the chosen sequence
    total = 0
    def rec(depth, current):
        nonlocal total
        if depth == m:
            if current:
                total += sorted(current)[0]**2
        else:
            for i in range(n):
                rec(depth+1, current + [i])
    rec(0, [])
    return total",O(n^m)
"def nested_loop_variant55(m, n):
    # Adds the square of the largest element of the chosen sequence
    total = 0
    def rec(depth, current):
        nonlocal total
        if depth == m:
            if current:
                total += sorted(current)[-1]**2
        else:
            for i in range(n):
                rec(depth+1, current + [i])
    rec(0, [])
    return total",O(n^m)
"def nested_loop_variant56(m, n):
    # Adds the sum of the chosen indices plus the length of the sequence
    total = 0
    def rec(depth, current):
        nonlocal total
        if depth == m:
            total += sum(current) + len(current)
        else:
            for i in range(n):
                rec(depth+1, current + [i])
    rec(0, [])
    return total",O(n^m)
"def nested_loop_variant57(m, n):
    # Adds the cube of the maximum of the chosen indices (if any)
    total = 0
    def rec(depth, current):
        nonlocal total
        if depth == m:
            if current:
                total += max(current)**3
        else:
            for i in range(n):
                rec(depth+1, current + [i])
    rec(0, [])
    return total",O(n^m)
"def nested_loop_variant58(m, n):
    # Adds the cube of the minimum of the chosen indices (if any)
    total = 0
    def rec(depth, current):
        nonlocal total
        if depth == m:
            if current:
                total += min(current)**3
        else:
            for i in range(n):
                rec(depth+1, current + [i])
    rec(0, [])
    return total",O(n^m)
"def nested_loop_variant59(m, n):
    # Adds the integer division of the sum of chosen indices by the length
    total = 0
    def rec(depth, current):
        nonlocal total
        if depth == m:
            total += sum(current) // (len(current) or 1)
        else:
            for i in range(n):
                rec(depth+1, current + [i])
    rec(0, [])
    return total",O(n^m)
"def nested_loop_variant60(m, n):
    # Adds the sum of chosen indices plus 10
    total = 0
    def rec(depth, current):
        nonlocal total
        if depth == m:
            total += sum(current) + 10
        else:
            for i in range(n):
                rec(depth+1, current + [i])
    rec(0, [])
    return total",O(n^m)
"def nested_loop_variant61(m, n):
    # Adds the sum of chosen indices minus 10
    total = 0
    def rec(depth, current):
        nonlocal total
        if depth == m:
            total += sum(current) - 10
        else:
            for i in range(n):
                rec(depth+1, current + [i])
    rec(0, [])
    return total",O(n^m)
"def nested_loop_variant62(m, n):
    # Adds the absolute difference between the sum of chosen indices and m
    total = 0
    def rec(depth, current):
        nonlocal total
        if depth == m:
            total += abs(sum(current) - m)
        else:
            for i in range(n):
                rec(depth+1, current + [i])
    rec(0, [])
    return total",O(n^m)
"def nested_loop_variant63(m, n):
    # Adds 1 if the chosen sequence has all distinct values
    total = 0
    def rec(depth, current):
        nonlocal total
        if depth == m:
            total += 1 if len(set(current)) == len(current) else 0
        else:
            for i in range(n):
                rec(depth+1, current + [i])
    rec(0, [])
    return total",O(n^m)
"def nested_loop_variant64(m, n):
    # Adds the square root of the sum of chosen indices (if non-negative)
    import math
    total = 0
    def rec(depth, current):
        nonlocal total
        if depth == m:
            s = sum(current)
            total += math.sqrt(s) if s >= 0 else 0
        else:
            for i in range(n):
                rec(depth+1, current + [i])
    rec(0, [])
    return total",O(n^m)
"def nested_loop_variant65(m, n):
    # Adds the difference (max - min) of chosen indices
    total = 0
    def rec(depth, current):
        nonlocal total
        if depth == m and current:
            total += max(current) - min(current)
        else:
            for i in range(n):
                rec(depth+1, current + [i])
    rec(0, [])
    return total",O(n^m)
"def nested_loop_variant66(m, n):
    # Adds the sum of chosen indices plus the maximum (if exists)
    total = 0
    def rec(depth, current):
        nonlocal total
        if depth == m:
            total += sum(current) + (max(current) if current else 0)
        else:
            for i in range(n):
                rec(depth+1, current + [i])
    rec(0, [])
    return total",O(n^m)
"def nested_loop_variant67(m, n):
    # Adds the product of the sum and the count of unique values in the chosen indices
    total = 0
    def rec(depth, current):
        nonlocal total
        if depth == m:
            total += sum(current) * len(set(current))
        else:
            for i in range(n):
                rec(depth+1, current + [i])
    rec(0, [])
    return total",O(n^m)
"def nested_loop_variant68(m, n):
    # Adds the sum of chosen indices modulo (m+2)
    total = 0
    def rec(depth, current):
        nonlocal total
        if depth == m:
            total += sum(current) % (m+2)
        else:
            for i in range(n):
                rec(depth+1, current + [i])
    rec(0, [])
    return total",O(n^m)
"def nested_loop_variant69(m, n):
    # Adds three times the sum of chosen indices
    total = 0
    def rec(depth, current):
        nonlocal total
        if depth == m:
            total += 3 * sum(current)
        else:
            for i in range(n):
                rec(depth+1, current + [i])
    rec(0, [])
    return total",O(n^m)
"def nested_loop_variant70(m, n):
    # Adds four times the sum of chosen indices
    total = 0
    def rec(depth, current):
        nonlocal total
        if depth == m:
            total += 4 * sum(current)
        else:
            for i in range(n):
                rec(depth+1, current + [i])
    rec(0, [])
    return total",O(n^m)
"def nested_loop_variant71(m, n):
    # Adds the square of the sum of chosen indices plus 7
    total = 0
    def rec(depth, current):
        nonlocal total
        if depth == m:
            s = sum(current)
            total += s*s + 7
        else:
            for i in range(n):
                rec(depth+1, current + [i])
    rec(0, [])
    return total",O(n^m)
"def nested_loop_variant72(m, n):
    # Adds 2^(sum(current)) if sum(current) < 10, else adds 0
    total = 0
    def rec(depth, current):
        nonlocal total
        if depth == m:
            s = sum(current)
            total += 2**s if s < 10 else 0
        else:
            for i in range(n):
                rec(depth+1, current + [i])
    rec(0, [])
    return total",O(n^m)
"def nested_loop_variant73(m, n):
    # Adds 2^(length of chosen sequence)
    total = 0
    def rec(depth, current):
        nonlocal total
        if depth == m:
            total += 2**(len(current))
        else:
            for i in range(n):
                rec(depth+1, current + [i])
    rec(0, [])
    return total",O(n^m)
"def nested_loop_variant74(m, n):
    # Adds factorial of the length of chosen sequence
    import math
    total = 0
    def rec(depth, current):
        nonlocal total
        if depth == m:
            total += math.factorial(len(current))
        else:
            for i in range(n):
                rec(depth+1, current + [i])
    rec(0, [])
    return total",O(n^m)
"def nested_loop_variant75(m, n):
    # Multiplies the sum of chosen indices by the maximum (if exists)
    total = 0
    def rec(depth, current):
        nonlocal total
        if depth == m:
            if current:
                total += sum(current) * max(current)
        else:
            for i in range(n):
                rec(depth+1, current + [i])
    rec(0, [])
    return total",O(n^m)
"def nested_loop_variant76(m, n):
    # Multiplies the minimum (if exists) by the maximum (if exists)
    total = 0
    def rec(depth, current):
        nonlocal total
        if depth == m:
            if current:
                total += min(current) * max(current)
        else:
            for i in range(n):
                rec(depth+1, current + [i])
    rec(0, [])
    return total",O(n^m)
"def nested_loop_variant77(m, n):
    # Adds square of the sum of chosen indices minus the sum
    total = 0
    def rec(depth, current):
        nonlocal total
        if depth == m:
            s = sum(current)
            total += s*s - s
        else:
            for i in range(n):
                rec(depth+1, current + [i])
    rec(0, [])
    return total",O(n^m)
"def nested_loop_variant78(m, n):
    # Adds the absolute difference between the sum and the maximum of chosen indices
    total = 0
    def rec(depth, current):
        nonlocal total
        if depth == m:
            if current:
                total += abs(sum(current) - max(current))
        else:
            for i in range(n):
                rec(depth+1, current + [i])
    rec(0, [])
    return total",O(n^m)
"def nested_loop_variant79(m, n):
    # If non-empty, adds the sum of max and min of chosen indices; otherwise 0
    total = 0
    def rec(depth, current):
        nonlocal total
        if depth == m:
            total += (max(current) + min(current)) if current else 0
        else:
            for i in range(n):
                rec(depth+1, current + [i])
    rec(0, [])
    return total",O(n^m)
"def nested_loop_variant80(m, n):
    # Sums all even numbers from the chosen indices
    total = 0
    def rec(depth, current):
        nonlocal total
        if depth == m:
            total += sum(x for x in current if x % 2 == 0)
        else:
            for i in range(n):
                rec(depth+1, current + [i])
    rec(0, [])
    return total",O(n^m)
"def nested_loop_variant81(m, n):
    # Sums all odd numbers from the chosen indices
    total = 0
    def rec(depth, current):
        nonlocal total
        if depth == m:
            total += sum(x for x in current if x % 2 == 1)
        else:
            for i in range(n):
                rec(depth+1, current + [i])
    rec(0, [])
    return total",O(n^m)
"def nested_loop_variant82(m, n):
    # Multiplies the maximum chosen index by the length of the sequence
    total = 0
    def rec(depth, current):
        nonlocal total
        if depth == m:
            total += (max(current) if current else 0) * len(current)
        else:
            for i in range(n):
                rec(depth+1, current + [i])
    rec(0, [])
    return total",O(n^m)
"def nested_loop_variant83(m, n):
    # Multiplies the minimum chosen index by the length of the sequence
    total = 0
    def rec(depth, current):
        nonlocal total
        if depth == m:
            total += (min(current) if current else 0) * len(current)
        else:
            for i in range(n):
                rec(depth+1, current + [i])
    rec(0, [])
    return total",O(n^m)
"def nested_loop_variant84(m, n):
    # Adds twice the sum of chosen indices minus the length
    total = 0
    def rec(depth, current):
        nonlocal total
        if depth == m:
            total += 2 * sum(current) - len(current)
        else:
            for i in range(n):
                rec(depth+1, current + [i])
    rec(0, [])
    return total",O(n^m)
"def nested_loop_variant85(m, n):
    # Adds the sum of the maximum and minimum chosen indices (if present)
    total = 0
    def rec(depth, current):
        nonlocal total
        if depth == m:
            if current:
                total += max(current) + min(current)
        else:
            for i in range(n):
                rec(depth+1, current + [i])
    rec(0, [])
    return total",O(n^m)
"def nested_loop_variant86(m, n):
    # Adds the integer division of the sum by (1 + length of chosen sequence)
    total = 0
    def rec(depth, current):
        nonlocal total
        if depth == m:
            total += sum(current) // (1 + len(current))
        else:
            for i in range(n):
                rec(depth+1, current + [i])
    rec(0, [])
    return total",O(n^m)
"def nested_loop_variant87(m, n):
    # Adds the sum of the squares of the chosen indices
    total = 0
    def rec(depth, current):
        nonlocal total
        if depth == m:
            total += sum(x**2 for x in current)
        else:
            for i in range(n):
                rec(depth+1, current + [i])
    rec(0, [])
    return total",O(n^m)
"def nested_loop_variant88(m, n):
    # Adds the sum of the cubes of the chosen indices
    total = 0
    def rec(depth, current):
        nonlocal total
        if depth == m:
            total += sum(x**3 for x in current)
        else:
            for i in range(n):
                rec(depth+1, current + [i])
    rec(0, [])
    return total",O(n^m)
"def nested_loop_variant89(m, n):
    # Adds the square root of the maximum chosen index
    import math
    total = 0
    def rec(depth, current):
        nonlocal total
        if depth == m:
            total += math.sqrt(max(current)) if current else 0
        else:
            for i in range(n):
                rec(depth+1, current + [i])
    rec(0, [])
    return total",O(n^m)
"def nested_loop_variant90(m, n):
    # Adds the square root of the minimum chosen index
    import math
    total = 0
    def rec(depth, current):
        nonlocal total
        if depth == m:
            total += math.sqrt(min(current)) if current else 0
        else:
            for i in range(n):
                rec(depth+1, current + [i])
    rec(0, [])
    return total",O(n^m)
"def nested_loop_variant91(m, n):
    # Adds the sum of the chosen indices plus 1 if the first element is even
    total = 0
    def rec(depth, current):
        nonlocal total
        if depth == m:
            bonus = 1 if (current and current[0] % 2 == 0) else 0
            total += sum(current) + bonus
        else:
            for i in range(n):
                rec(depth+1, current + [i])
    rec(0, [])
    return total",O(n^m)
"def nested_loop_variant92(m, n):
    # Adds the sum of the chosen indices plus 1 if the first element is odd
    total = 0
    def rec(depth, current):
        nonlocal total
        if depth == m:
            bonus = 1 if (current and current[0] % 2 == 1) else 0
            total += sum(current) + bonus
        else:
            for i in range(n):
                rec(depth+1, current + [i])
    rec(0, [])
    return total",O(n^m)
"def nested_loop_variant93(m, n):
    # Adds the sum of the chosen indices modulo (max(current)+1) if nonzero
    total = 0
    def rec(depth, current):
        nonlocal total
        if depth == m:
            if current and max(current) != 0:
                total += sum(current) % (max(current)+1)
        else:
            for i in range(n):
                rec(depth+1, current + [i])
    rec(0, [])
    return total",O(n^m)
"def nested_loop_variant94(m, n):
    # Adds the sum of the chosen indices modulo (min(current)+1) if nonzero
    total = 0
    def rec(depth, current):
        nonlocal total
        if depth == m:
            if current and min(current) != 0:
                total += sum(current) % (min(current)+1)
        else:
            for i in range(n):
                rec(depth+1, current + [i])
    rec(0, [])
    return total",O(n^m)
"def nested_loop_variant95(m, n):
    # Adds the square of the sum of chosen indices modulo (n+1)
    total = 0
    def rec(depth, current):
        nonlocal total
        if depth == m:
            total += (sum(current)**2) % (n+1)
        else:
            for i in range(n):
                rec(depth+1, current + [i])
    rec(0, [])
    return total",O(n^m)
"def nested_loop_variant96(m, n):
    # Adds the cube of the sum of chosen indices modulo (n+1)
    total = 0
    def rec(depth, current):
        nonlocal total
        if depth == m:
            total += (sum(current)**3) % (n+1)
        else:
            for i in range(n):
                rec(depth+1, current + [i])
    rec(0, [])
    return total",O(n^m)
"def nested_loop_variant97(m, n):
    # Adds 1 if the sum of chosen indices is greater than n//2, else 0
    total = 0
    def rec(depth, current):
        nonlocal total
        if depth == m:
            total += 1 if sum(current) > (n//2) else 0
        else:
            for i in range(n):
                rec(depth+1, current + [i])
    rec(0, [])
    return total",O(n^m)
"def nested_loop_variant98(m, n):
    # Multiplies the first chosen element (if exists) by the length of the sequence
    total = 0
    def rec(depth, current):
        nonlocal total
        if depth == m:
            total += (current[0] if current else 0) * len(current)
        else:
            for i in range(n):
                rec(depth+1, current + [i])
    rec(0, [])
    return total",O(n^m)
"def nested_loop_variant99(m, n):
    # Adds the sum of chosen indices plus twice m
    total = 0
    def rec(depth, current):
        nonlocal total
        if depth == m:
            total += sum(current) + 2*m
        else:
            for i in range(n):
                rec(depth+1, current + [i])
    rec(0, [])
    return total",O(n^m)
"def nested_loop_variant100(m, n):
    # Adds the sum of chosen indices minus twice m
    total = 0
    def rec(depth, current):
        nonlocal total
        if depth == m:
            total += sum(current) - 2*m
        else:
            for i in range(n):
                rec(depth+1, current + [i])
    rec(0, [])
    return total",O(n^m)
"def permutations_variant1(lst):
    if len(lst) == 1:
        return [lst]
    result = []
    for i in range(len(lst)):
        rest = lst[:i] + lst[i+1:]
        for p in permutations_variant1(rest):
            result.append([lst[i]] + p)
    return result",O(n!)
"def permutations_variant2(lst):
    # Using recursion with slicing
    if len(lst) <= 1:
        return [lst]
    res = []
    for i, el in enumerate(lst):
        for perm in permutations_variant2(lst[:i] + lst[i+1:]):
            res.append([el] + perm)
    return res",O(n!)
"def permutations_variant3(lst):
    # Recursively inserting the first element in every position
    if len(lst) == 0:
        return [[]]
    first = lst[0]
    rest_perms = permutations_variant3(lst[1:])
    result = []
    for perm in rest_perms:
        for pos in range(len(perm)+1):
            result.append(perm[:pos] + [first] + perm[pos:])
    return result",O(n!)
"def permutations_variant4(lst):
    if len(lst) == 1:
        return [lst]
    ans = []
    for i in range(len(lst)):
        left = lst[i]
        right = lst[:i] + lst[i+1:]
        for p in permutations_variant4(right):
            ans.append([left] + p)
    return ans",O(n!)
"def permutations_variant5(lst):
    # Variant with an accumulator
    def rec(current, remaining):
        if not remaining:
            return [current]
        out = []
        for i in range(len(remaining)):
            out.extend(rec(current + [remaining[i]], remaining[:i] + remaining[i+1:]))
        return out
    return rec([], lst)",O(n!)
"def permutations_variant6(lst):
    if len(lst) < 2:
        return [lst]
    result = []
    for i in range(len(lst)):
        for p in permutations_variant6(lst[:i] + lst[i+1:]):
            result.append([lst[i]] + p)
    return result",O(n!)
"def permutations_variant7(lst):
    # Insertion method variant
    if len(lst) == 0:
        return [[]]
    first = lst[0]
    perms = permutations_variant7(lst[1:])
    res = []
    for perm in perms:
        for j in range(len(perm)+1):
            res.append(perm[:j] + [first] + perm[j:])
    return res",O(n!)
"def permutations_variant8(lst):
    # Recursive with for-each loop
    if not lst:
        return [[]]
    output = []
    for index, item in enumerate(lst):
        for subperm in permutations_variant8(lst[:index] + lst[index+1:]):
            output.append([item] + subperm)
    return output",O(n!)
"def permutations_variant9(lst):
    # Permutations using recursion and list comprehension
    if len(lst) == 1:
        return [lst]
    return [ [lst[i]] + p for i in range(len(lst)) for p in permutations_variant9(lst[:i] + lst[i+1:]) ]",O(n!)
"def permutations_variant10(lst):
    # Same idea with an explicit loop
    if len(lst) == 0:
        return [[]]
    result = []
    for i in range(len(lst)):
        remaining = lst[:i] + lst[i+1:]
        for perm in permutations_variant10(remaining):
            result.append([lst[i]] + perm)
    return result",O(n!)
"def permutations_variant11(lst):
    # Generating permutations by swapping
    def swap(a, i, j):
        a[i], a[j] = a[j], a[i]
    def helper(a, start, res):
        if start == len(a) - 1:
            res.append(a.copy())
        else:
            for i in range(start, len(a)):
                swap(a, start, i)
                helper(a, start+1, res)
                swap(a, start, i)
    res = []
    helper(lst, 0, res)
    return res",O(n!)
"def permutations_variant12(lst):
    # Using recursion with in-place modification and backtracking
    def backtrack(start):
        if start == len(lst):
            output.append(lst.copy())
        for i in range(start, len(lst)):
            lst[start], lst[i] = lst[i], lst[start]
            backtrack(start+1)
            lst[start], lst[i] = lst[i], lst[start]
    output = []
    backtrack(0)
    return output",O(n!)
"def permutations_variant13(lst):
    # Recursive approach with split-and-conquer
    if len(lst) <= 1:
        return [lst]
    out = []
    for i in range(len(lst)):
        for p in permutations_variant13(lst[:i] + lst[i+1:]):
            out.append([lst[i]] + p)
    return out",O(n!)
"def permutations_variant14(lst):
    # Variant using recursion with a helper to carry the current permutation
    def generate(current, remaining):
        if not remaining:
            result.append(current)
        else:
            for i in range(len(remaining)):
                generate(current + [remaining[i]], remaining[:i] + remaining[i+1:])
    result = []
    generate([], lst)
    return result",O(n!)
"def permutations_variant15(lst):
    # Variant that builds a string permutation for a string input
    if len(lst) <= 1:
        return [lst]
    result = []
    for i in range(len(lst)):
        for p in permutations_variant15(lst[:i] + lst[i+1:]):
            result.append(lst[i] + p)
    return result",O(n!)
"def permutations_variant16(lst):
    # Permutations via recursion with list slicing (alternative formatting)
    if len(lst) == 1:
        return [lst]
    return [[lst[i]] + p for i in range(len(lst)) for p in permutations_variant16(lst[:i] + lst[i+1:])]",O(n!)
"def permutations_variant17(lst):
    # Recursive algorithm generating all arrangements
    if not lst:
        return [[]]
    perms = []
    for i, x in enumerate(lst):
        for subperm in permutations_variant17(lst[:i] + lst[i+1:]):
            perms.append([x] + subperm)
    return perms",O(n!)
"def permutations_variant18(lst):
    # Recursion with a for loop and list concatenation
    if len(lst) == 0:
        return [[]]
    output = []
    for i in range(len(lst)):
        for perm in permutations_variant18(lst[:i] + lst[i+1:]):
            output += [[lst[i]] + perm]
    return output",O(n!)
"def permutations_variant19(lst):
    # Permutations using recursion, with early base case
    if len(lst) == 1:
        return [lst]
    ans = []
    for i in range(len(lst)):
        for tail in permutations_variant19(lst[:i] + lst[i+1:]):
            ans.append([lst[i]] + tail)
    return ans",O(n!)
"def permutations_variant20(lst):
    # Recursive permutation generation using an accumulator parameter
    def helper(prefix, remaining):
        if not remaining:
            res.append(prefix)
        else:
            for i in range(len(remaining)):
                helper(prefix + [remaining[i]], remaining[:i] + remaining[i+1:])
    res = []
    helper([], lst)
    return res",O(n!)
"def permutations_variant21(lst):
    # Using a recursive insertion approach
    if len(lst) == 0:
        return [[]]
    sub = permutations_variant21(lst[1:])
    res = []
    for perm in sub:
        for pos in range(len(perm)+1):
            res.append(perm[:pos] + [lst[0]] + perm[pos:])
    return res",O(n!)
"def permutations_variant22(lst):
    # Variant that uses recursion with enumerate
    if len(lst) == 1:
        return [lst]
    output = []
    for index, element in enumerate(lst):
        for p in permutations_variant22(lst[:index] + lst[index+1:]):
            output.append([element] + p)
    return output",O(n!)
"def permutations_variant23(lst):
    # Recursively build permutations by splitting off the first element
    if len(lst) < 2:
        return [lst]
    first, rest = lst[0], lst[1:]
    perms = permutations_variant23(rest)
    return [[first] + p for p in perms] + [p + [first] for p in perms]",O(n!)
"def permutations_variant24(lst):
    # Recursively generate permutation by choosing a pivot element
    if len(lst) <= 1:
        return [lst]
    result = []
    for i in range(len(lst)):
        pivot = lst[i]
        remaining = lst[:i] + lst[i+1:]
        for tail in permutations_variant24(remaining):
            result.append([pivot] + tail)
    return result",O(n!)
"def permutations_variant25(lst):
    # Permutations via recursive removal of one element at a time
    if not lst:
        return [[]]
    perms = []
    for i in range(len(lst)):
        for subperm in permutations_variant25(lst[:i] + lst[i+1:]):
            perms.append([lst[i]] + subperm)
    return perms",O(n!)
"def permutations_variant26(lst):
    # Another style using recursion and list comprehension
    if len(lst) == 1:
        return [lst]
    return [ [lst[i]] + perm for i in range(len(lst)) for perm in permutations_variant26(lst[:i] + lst[i+1:]) ]",O(n!)
"def permutations_variant27(lst):
    # Generate permutations with recursion and backtracking
    res = []
    def backtrack(start):
        if start == len(lst):
            res.append(lst.copy())
        for i in range(start, len(lst)):
            lst[start], lst[i] = lst[i], lst[start]
            backtrack(start+1)
            lst[start], lst[i] = lst[i], lst[start]
    backtrack(0)
    return res",O(n!)
"def permutations_variant28(lst):
    # Recursively generate permutations with swapping (alternative formatting)
    def rec(a, l, r):
        if l == r:
            output.append(a.copy())
        else:
            for i in range(l, r+1):
                a[l], a[i] = a[i], a[l]
                rec(a, l+1, r)
                a[l], a[i] = a[i], a[l]
    output = []
    rec(lst, 0, len(lst)-1)
    return output",O(n!)
"def permutations_variant29(lst):
    # Recursive permutation generator with explicit loop
    if len(lst) == 1:
        return [lst]
    result = []
    for i in range(len(lst)):
        remaining = lst[:i] + lst[i+1:]
        for perm in permutations_variant29(remaining):
            result.append([lst[i]] + perm)
    return result",O(n!)
"def permutations_variant30(lst):
    # Recursively insert first element in every possible position
    if len(lst) == 0:
        return [[]]
    first, rest = lst[0], lst[1:]
    perms = permutations_variant30(rest)
    return [perm[:i] + [first] + perm[i:] for perm in perms for i in range(len(perm)+1)]",O(n!)
"def permutations_variant31(lst):
    # Permutations using recursion with accumulator
    def helper(current, remaining):
        if not remaining:
            res.append(current)
        else:
            for i in range(len(remaining)):
                helper(current + [remaining[i]], remaining[:i] + remaining[i+1:])
    res = []
    helper([], lst)
    return res",O(n!)
"def permutations_variant32(lst):
    # Recursion with passing current permutation as parameter
    if len(lst) == 1:
        return [lst]
    ans = []
    for i in range(len(lst)):
        for tail in permutations_variant32(lst[:i] + lst[i+1:]):
            ans.append([lst[i]] + tail)
    return ans",O(n!)
"def permutations_variant33(lst):
    # Generate all permutations (simple recursion)
    if len(lst) < 2:
        return [lst]
    ans = []
    for i in range(len(lst)):
        for perm in permutations_variant33(lst[:i] + lst[i+1:]):
            ans.append([lst[i]] + perm)
    return ans",O(n!)
"def permutations_variant34(lst):
    # Permutations using recursive splitting
    if not lst:
        return [[]]
    result = []
    for i in range(len(lst)):
        pivot = lst[i]
        rest = lst[:i] + lst[i+1:]
        for r in permutations_variant34(rest):
            result.append([pivot] + r)
    return result",O(n!)
"def permutations_variant35(lst):
    # Variant with recursion using list comprehension (compact)
    return [ [lst[i]] + p for i in range(len(lst)) for p in (permutations_variant35(lst[:i] + lst[i+1:]) if lst else [[]]) ] if lst else [[]]",O(n!)
"def permutations_variant36(lst):
    # Recursively build permutations (another style)
    if len(lst) == 0:
        return [[]]
    result = []
    for i, el in enumerate(lst):
        for perm in permutations_variant36(lst[:i] + lst[i+1:]):
            result.append([el] + perm)
    return result",O(n!)
"def permutations_variant37(lst):
    # Using recursion with explicit loops and accumulators
    def rec(prefix, rem):
        if not rem:
            out.append(prefix)
        else:
            for i in range(len(rem)):
                rec(prefix + [rem[i]], rem[:i] + rem[i+1:])
    out = []
    rec([], lst)
    return out",O(n!)
"def permutations_variant38(lst):
    # Permutations by removing each element recursively
    if len(lst) == 1:
        return [lst]
    sol = []
    for i in range(len(lst)):
        for s in permutations_variant38(lst[:i] + lst[i+1:]):
            sol.append([lst[i]] + s)
    return sol",O(n!)
"def permutations_variant39(lst):
    # Classic recursive permutation generator
    if len(lst) <= 1:
        return [lst]
    r = []
    for i in range(len(lst)):
        for p in permutations_variant39(lst[:i] + lst[i+1:]):
            r.append([lst[i]] + p)
    return r",O(n!)
"def permutations_variant40(lst):
    # Permutation generator using recursion (with different variable names)
    if len(lst) == 0:
        return [[]]
    result = []
    for i in range(len(lst)):
        head = lst[i]
        tail = lst[:i] + lst[i+1:]
        for perm in permutations_variant40(tail):
            result.append([head] + perm)
    return result",O(n!)
"def permutations_variant41(lst):
    # Generate permutations by concatenating recursively
    if len(lst) < 2:
        return [lst]
    return [ [lst[i]] + p for i in range(len(lst)) for p in permutations_variant41(lst[:i] + lst[i+1:]) ]",O(n!)
"def permutations_variant42(lst):
    # Recursion-based permutation builder with base-case for empty list
    if not lst:
        return [[]]
    res = []
    for i in range(len(lst)):
        for perm in permutations_variant42(lst[:i] + lst[i+1:]):
            res.append([lst[i]] + perm)
    return res",O(n!)
"def permutations_variant43(lst):
    # Permutations via recursion with helper function
    def helper(perm, remaining):
        if not remaining:
            ans.append(perm)
        else:
            for i in range(len(remaining)):
                helper(perm + [remaining[i]], remaining[:i] + remaining[i+1:])
    ans = []
    helper([], lst)
    return ans",O(n!)
"def permutations_variant44(lst):
    # Recursively generate all orderings
    if len(lst) == 1:
        return [lst]
    out = []
    for i in range(len(lst)):
        for order in permutations_variant44(lst[:i] + lst[i+1:]):
            out.append([lst[i]] + order)
    return out",O(n!)
"def permutations_variant45(lst):
    # Using recursion and list concatenation
    if len(lst) <= 1:
        return [lst]
    output = []
    for i in range(len(lst)):
        for p in permutations_variant45(lst[:i] + lst[i+1:]):
            output.append([lst[i]] + p)
    return output",O(n!)
"def permutations_variant46(lst):
    # Permutations with recursive removal
    if not lst:
        return [[]]
    result = []
    for i, x in enumerate(lst):
        for sub in permutations_variant46(lst[:i] + lst[i+1:]):
            result.append([x] + sub)
    return result",O(n!)
"def permutations_variant47(lst):
    # Classic approach using recursion
    if len(lst) == 1:
        return [lst]
    result = []
    for i in range(len(lst)):
        current = lst[i]
        remainder = lst[:i] + lst[i+1:]
        for p in permutations_variant47(remainder):
            result.append([current] + p)
    return result",O(n!)
"def permutations_variant48(lst):
    # Recursive permutation with inline loop
    if len(lst) <= 1:
        return [lst]
    return [ [lst[i]] + p for i in range(len(lst)) for p in permutations_variant48(lst[:i] + lst[i+1:]) ]",O(n!)
"def permutations_variant49(lst):
    # Permutations by inserting first element in every position
    if not lst:
        return [[]]
    first = lst[0]
    perms = permutations_variant49(lst[1:])
    result = []
    for perm in perms:
        for i in range(len(perm)+1):
            result.append(perm[:i] + [first] + perm[i:])
    return result",O(n!)
"def permutations_variant50(lst):
    # Recursively generate permutations using backtracking
    def backtrack(first=0):
        if first == len(lst):
            output.append(lst.copy())
        for i in range(first, len(lst)):
            lst[first], lst[i] = lst[i], lst[first]
            backtrack(first+1)
            lst[first], lst[i] = lst[i], lst[first]
    output = []
    backtrack()
    return output",O(n!)
"def permutations_variant51(lst):
    # Permutations using a recursive helper
    def generate(current, remaining):
        if not remaining:
            ans.append(current)
        for i in range(len(remaining)):
            generate(current + [remaining[i]], remaining[:i] + remaining[i+1:])
    ans = []
    generate([], lst)
    return ans",O(n!)
"def permutations_variant52(lst):
    # Permutations via recursion that builds result using list comprehension
    if len(lst) == 0:
        return [[]]
    return [ [x] + p for i, x in enumerate(lst) for p in permutations_variant52(lst[:i] + lst[i+1:]) ]",O(n!)
"def permutations_variant53(lst):
    # Recursive permutations by splitting first element and merging
    if len(lst) == 1:
        return [lst]
    result = []
    for i in range(len(lst)):
        for perm in permutations_variant53(lst[:i] + lst[i+1:]):
            result.append([lst[i]] + perm)
    return result",O(n!)
"def permutations_variant54(lst):
    # Another permutation generator
    if not lst:
        return [[]]
    res = []
    for i, el in enumerate(lst):
        for sub in permutations_variant54(lst[:i] + lst[i+1:]):
            res.append([el] + sub)
    return res",O(n!)
"def permutations_variant55(lst):
    # Permutations using a recursive pattern with explicit loops
    if len(lst) == 1:
        return [lst]
    output = []
    for i in range(len(lst)):
        pivot = lst[i]
        rest = lst[:i] + lst[i+1:]
        for perm in permutations_variant55(rest):
            output.append([pivot] + perm)
    return output",O(n!)
"def permutations_variant56(lst):
    # Generate all orderings by recursion
    if len(lst) <= 1:
        return [lst]
    ans = []
    for i in range(len(lst)):
        for tail in permutations_variant56(lst[:i] + lst[i+1:]):
            ans.append([lst[i]] + tail)
    return ans",O(n!)
"def permutations_variant57(lst):
    # Permutations using recursion and sublist removal
    if not lst:
        return [[]]
    res = []
    for i in range(len(lst)):
        for perm in permutations_variant57(lst[:i] + lst[i+1:]):
            res.append([lst[i]] + perm)
    return res",O(n!)
"def permutations_variant58(lst):
    # Recursive approach to generate all permutations
    if len(lst) == 1:
        return [lst]
    result = []
    for i, x in enumerate(lst):
        for perm in permutations_variant58(lst[:i] + lst[i+1:]):
            result.append([x] + perm)
    return result",O(n!)
"def permutations_variant59(lst):
    # Classic recursive permutation algorithm
    if len(lst) == 0:
        return [[]]
    output = []
    for i in range(len(lst)):
        current = lst[i]
        remaining = lst[:i] + lst[i+1:]
        for p in permutations_variant59(remaining):
            output.append([current] + p)
    return output",O(n!)
"def permutations_variant60(lst):
    # Permutations via insertion method
    if len(lst) == 0:
        return [[]]
    first = lst[0]
    perms = permutations_variant60(lst[1:])
    result = []
    for perm in perms:
        for j in range(len(perm)+1):
            result.append(perm[:j] + [first] + perm[j:])
    return result",O(n!)
"def permutations_variant61(lst):
    # Recursively generate all permutations with a helper using backtracking
    output = []
    def helper(start):
        if start == len(lst):
            output.append(lst.copy())
        else:
            for i in range(start, len(lst)):
                lst[start], lst[i] = lst[i], lst[start]
                helper(start+1)
                lst[start], lst[i] = lst[i], lst[start]
    helper(0)
    return output",O(n!)
"def permutations_variant62(lst):
    # Permutations using recursive removal of one element
    if len(lst) <= 1:
        return [lst]
    result = []
    for i in range(len(lst)):
        head = lst[i]
        tail = lst[:i] + lst[i+1:]
        for p in permutations_variant62(tail):
            result.append([head] + p)
    return result",O(n!)
"def permutations_variant63(lst):
    # Generate permutations by recursively splitting the list
    if not lst:
        return [[]]
    result = []
    for i, item in enumerate(lst):
        for p in permutations_variant63(lst[:i] + lst[i+1:]):
            result.append([item] + p)
    return result",O(n!)
"def permutations_variant64(lst):
    # A concise recursive permutation generator
    return [ [lst[i]] + p for i in range(len(lst)) for p in (permutations_variant64(lst[:i] + lst[i+1:]) if lst else [[]]) ] if lst else [[]]",O(n!)
"def permutations_variant65(lst):
    # Permutations using a helper function with accumulator
    def rec(prefix, remaining):
        if not remaining:
            out.append(prefix)
        else:
            for i in range(len(remaining)):
                rec(prefix + [remaining[i]], remaining[:i] + remaining[i+1:])
    out = []
    rec([], lst)
    return out",O(n!)
"def permutations_variant66(lst):
    # Recursively generate all permutations with list slicing
    if len(lst) == 0:
        return [[]]
    perms = []
    for i in range(len(lst)):
        for sub in permutations_variant66(lst[:i] + lst[i+1:]):
            perms.append([lst[i]] + sub)
    return perms",O(n!)
"def permutations_variant67(lst):
    # Permutations using recursion in a oneâliner style
    return [ [x] + p for i, x in enumerate(lst) for p in (permutations_variant67(lst[:i] + lst[i+1:]) if lst else [[]]) ] if lst else [[]]",O(n!)
"def permutations_variant68(lst):
    # Classic recursive permutation generator, formatted differently
    if len(lst) == 1:
        return [lst]
    answer = []
    for i in range(len(lst)):
        for p in permutations_variant68(lst[:i] + lst[i+1:]):
            answer.append([lst[i]] + p)
    return answer",O(n!)
"def permutations_variant69(lst):
    # Permutations computed by inserting the first element in every possible spot
    if not lst:
        return [[]]
    result = []
    for perm in permutations_variant69(lst[1:]):
        for i in range(len(perm)+1):
            result.append(perm[:i] + [lst[0]] + perm[i:])
    return result",O(n!)
"def permutations_variant70(lst):
    # Recursively build permutations with a for loop
    if len(lst) <= 1:
        return [lst]
    res = []
    for i in range(len(lst)):
        for perm in permutations_variant70(lst[:i] + lst[i+1:]):
            res.append([lst[i]] + perm)
    return res",O(n!)
"def permutations_variant71(lst):
    # Variant using recursion with explicit helper and accumulator
    def helper(curr, rem):
        if not rem:
            out.append(curr)
        for i in range(len(rem)):
            helper(curr + [rem[i]], rem[:i] + rem[i+1:])
    out = []
    helper([], lst)
    return out",O(n!)
"def permutations_variant72(lst):
    # Recursive method with minimal code
    return [ [lst[i]] + p for i in range(len(lst)) for p in (permutations_variant72(lst[:i] + lst[i+1:]) if lst else [[]]) ] if lst else [[]]",O(n!)
"def permutations_variant73(lst):
    # Generate all orderings using recursion
    if len(lst) == 0:
        return [[]]
    output = []
    for i in range(len(lst)):
        for order in permutations_variant73(lst[:i] + lst[i+1:]):
            output.append([lst[i]] + order)
    return output",O(n!)
"def permutations_variant74(lst):
    # Generate permutations by removing one element at a time recursively
    if len(lst) == 1:
        return [lst]
    ans = []
    for i in range(len(lst)):
        for subperm in permutations_variant74(lst[:i] + lst[i+1:]):
            ans.append([lst[i]] + subperm)
    return ans",O(n!)
"def permutations_variant75(lst):
    # Permutations via recursive splitting and merging
    if len(lst) <= 1:
        return [lst]
    return [[lst[i]] + perm for i in range(len(lst)) for perm in permutations_variant75(lst[:i] + lst[i+1:])]",O(n!)
"def permutations_variant76(lst):
    # Recursively compute permutations with list slicing and concatenation
    if not lst:
        return [[]]
    results = []
    for i in range(len(lst)):
        for perm in permutations_variant76(lst[:i] + lst[i+1:]):
            results.append([lst[i]] + perm)
    return results",O(n!)
"def permutations_variant77(lst):
    # A simple recursive permutation algorithm
    if len(lst) == 1:
        return [lst]
    res = []
    for i, e in enumerate(lst):
        for p in permutations_variant77(lst[:i] + lst[i+1:]):
            res.append([e] + p)
    return res",O(n!)
"def permutations_variant78(lst):
    # Recursion with an explicit for loop and accumulator
    def rec(curr, rem):
        if not rem:
            out.append(curr)
        else:
            for j in range(len(rem)):
                rec(curr + [rem[j]], rem[:j] + rem[j+1:])
    out = []
    rec([], lst)
    return out",O(n!)
"def permutations_variant79(lst):
    # Compute all permutations recursively (alternative variable names)
    if len(lst) <= 1:
        return [lst]
    ans = []
    for index in range(len(lst)):
        for r in permutations_variant79(lst[:index] + lst[index+1:]):
            ans.append([lst[index]] + r)
    return ans",O(n!)
"def permutations_variant80(lst):
    # Permutation generator using recursion and list comprehension
    return [ [lst[i]] + p for i in range(len(lst)) for p in (permutations_variant80(lst[:i] + lst[i+1:]) if lst else [[]]) ] if lst else [[]]",O(n!)
"def permutations_variant81(lst):
    # Recursive permutation generator with helper (alternate style)
    def helper(prefix, rem):
        if not rem:
            result.append(prefix)
        else:
            for i in range(len(rem)):
                helper(prefix + [rem[i]], rem[:i] + rem[i+1:])
    result = []
    helper([], lst)
    return result",O(n!)
"def permutations_variant82(lst):
    # Recursively generate all rearrangements
    if len(lst) == 0:
        return [[]]
    ret = []
    for i in range(len(lst)):
        first = lst[i]
        for p in permutations_variant82(lst[:i] + lst[i+1:]):
            ret.append([first] + p)
    return ret",O(n!)
"def permutations_variant83(lst):
    # Permutations via recursive concatenation
    if len(lst) == 1:
        return [lst]
    out = []
    for i, val in enumerate(lst):
        rest = lst[:i] + lst[i+1:]
        for perm in permutations_variant83(rest):
            out.append([val] + perm)
    return out",O(n!)
"def permutations_variant84(lst):
    # Classic recursive permutation generator with slicing
    if len(lst) <= 1:
        return [lst]
    ans = []
    for i in range(len(lst)):
        for tail in permutations_variant84(lst[:i] + lst[i+1:]):
            ans.append([lst[i]] + tail)
    return ans",O(n!)
"def permutations_variant85(lst):
    # Generate all permutations (alternative concise style)
    return [ [lst[i]] + perm for i in range(len(lst)) for perm in (permutations_variant85(lst[:i] + lst[i+1:]) if lst else [[]]) ] if lst else [[]]",O(n!)
"def permutations_variant86(lst):
    # Recursive permutation generation using backtracking
    def permute(idx):
        if idx == len(lst):
            result.append(lst.copy())
        for i in range(idx, len(lst)):
            lst[idx], lst[i] = lst[i], lst[idx]
            permute(idx+1)
            lst[idx], lst[i] = lst[i], lst[idx]
    result = []
    permute(0)
    return result",O(n!)
"def permutations_variant87(lst):
    # Recursively generate permutations with an accumulator list
    def rec(acc, rem):
        if not rem:
            out.append(acc)
        else:
            for i in range(len(rem)):
                rec(acc + [rem[i]], rem[:i] + rem[i+1:])
    out = []
    rec([], lst)
    return out",O(n!)
"def permutations_variant88(lst):
    # Permutations using recursion and iterative concatenation
    if len(lst) == 0:
        return [[]]
    ans = []
    for i in range(len(lst)):
        for sub in permutations_variant88(lst[:i] + lst[i+1:]):
            ans.append([lst[i]] + sub)
    return ans",O(n!)
"def permutations_variant89(lst):
    # Recursive permutation generator with minimal lines
    return [ [lst[i]] + p for i in range(len(lst)) for p in (permutations_variant89(lst[:i] + lst[i+1:]) if lst else [[]]) ] if lst else [[]]",O(n!)
"def permutations_variant90(lst):
    # Generate all permutations recursively using backtracking helper
    def backtrack(start):
        if start == len(lst):
            output.append(lst.copy())
        for i in range(start, len(lst)):
            lst[start], lst[i] = lst[i], lst[start]
            backtrack(start+1)
            lst[start], lst[i] = lst[i], lst[start]
    output = []
    backtrack(0)
    return output",O(n!)
"def permutations_variant91(lst):
    # Recursively generate all permutations by selecting an element
    if len(lst) == 1:
        return [lst]
    result = []
    for i, x in enumerate(lst):
        for p in permutations_variant91(lst[:i] + lst[i+1:]):
            result.append([x] + p)
    return result",O(n!)
"def permutations_variant92(lst):
    # Permutations via recursion and combining sub-results
    if not lst:
        return [[]]
    return [ [lst[i]] + p for i in range(len(lst)) for p in permutations_variant92(lst[:i] + lst[i+1:]) ]",O(n!)
"def permutations_variant93(lst):
    # Generate permutations with recursion using list comprehension
    if len(lst) <= 1:
        return [lst]
    return [[lst[i]] + p for i in range(len(lst)) for p in permutations_variant93(lst[:i] + lst[i+1:])]",O(n!)
"def permutations_variant94(lst):
    # Recursive approach with slicing for permutation generation
    if len(lst) == 0:
        return [[]]
    out = []
    for i in range(len(lst)):
        for perm in permutations_variant94(lst[:i] + lst[i+1:]):
            out.append([lst[i]] + perm)
    return out",O(n!)
"def permutations_variant95(lst):
    # Permutations using recursion with an inline helper
    def rec(prefix, rem):
        if not rem:
            res.append(prefix)
        else:
            for i in range(len(rem)):
                rec(prefix + [rem[i]], rem[:i] + rem[i+1:])
    res = []
    rec([], lst)
    return res",O(n!)
"def permutations_variant96(lst):
    # Recursive permutation generator (alternative)
    if len(lst) == 1:
        return [lst]
    r = []
    for i in range(len(lst)):
        for p in permutations_variant96(lst[:i] + lst[i+1:]):
            r.append([lst[i]] + p)
    return r",O(n!)
"def permutations_variant97(lst):
    # Generate all permutations by removing each element
    if not lst:
        return [[]]
    ans = []
    for i in range(len(lst)):
        for sub in permutations_variant97(lst[:i] + lst[i+1:]):
            ans.append([lst[i]] + sub)
    return ans",O(n!)
"def permutations_variant98(lst):
    # Recursively generate all permutations (compact form)
    return [ [lst[i]] + p for i in range(len(lst)) for p in (permutations_variant98(lst[:i] + lst[i+1:]) if lst else [[]]) ] if lst else [[]]",O(n!)
"def permutations_variant99(lst):
    # Permutations using recursion with a simple base case
    if len(lst) <= 1:
        return [lst]
    out = []
    for i in range(len(lst)):
        for perm in permutations_variant99(lst[:i] + lst[i+1:]):
            out.append([lst[i]] + perm)
    return out",O(n!)
"def permutations_variant100(lst):
    # Final variant: recursive permutation generator with backtracking
    def helper(a, start, result):
        if start == len(a) - 1:
            result.append(a.copy())
        else:
            for i in range(start, len(a)):
                a[start], a[i] = a[i], a[start]
                helper(a, start + 1, result)
                a[start], a[i] = a[i], a[start]
    result = []
    helper(lst, 0, result)
    return result",O(n!)
